run,k,h0,h1,ut,met,alt,vsrf,vorb,vspd,gamma,pitch,alpha,mass,thrust,dynp,ap,pe,dvIdeal,lossGrav,lossSteer,lossDrag,stagenum
SIM_k05_h2000,0.5,2000,45000,1234567.89,0.00,0.0,0.00,174.60,0.00,90.00,90.00,0.00,60.000,900.25,0.000,0.0,-600000.0,0.75,0.49,0.00,0.26,3
SIM_k05_h2000,0.5,2000,45000,1234568.14,0.25,0.2,1.30,174.60,1.30,90.00,90.00,0.00,59.918,900.25,0.001,0.3,-600000.0,4.50,2.94,0.00,0.26,3
SIM_k05_h2000,0.5,2000,45000,1234568.44,0.55,0.9,2.87,174.62,2.87,90.00,90.00,0.00,59.820,900.25,0.005,1.3,-600000.0,9.02,5.89,0.00,0.26,3
SIM_k05_h2000,0.5,2000,45000,1234568.64,0.75,1.6,3.92,174.64,3.92,90.00,90.00,0.00,59.754,900.25,0.009,2.3,-600000.0,12.03,7.85,0.00,0.26,3
SIM_k05_h2000,0.5,2000,45000,1234568.89,1.00,2.7,5.23,174.68,5.23,90.00,90.00,0.00,59.672,900.25,0.017,4.1,-600000.0,15.80,10.30,0.00,0.26,3
SIM_k05_h2000,0.5,2000,45000,1234569.14,1.25,4.2,6.55,174.72,6.55,90.00,90.00,0.00,59.590,900.25,0.026,6.4,-600000.0,19.57,12.75,0.00,0.27,3
SIM_k05_h2000,0.5,2000,45000,1234569.39,1.50,6.1,7.88,174.78,7.88,90.00,90.00,0.00,59.508,900.25,0.038,9.2,-600000.0,23.35,15.21,0.00,0.27,3
SIM_k05_h2000,0.5,2000,45000,1234569.64,1.75,8.3,9.21,174.84,9.21,90.00,90.00,0.00,59.426,900.25,0.052,12.6,-600000.0,27.14,17.66,0.00,0.27,3
SIM_k05_h2000,0.5,2000,45000,1234569.89,2.00,10.8,10.55,174.92,10.55,90.00,90.00,0.00,59.344,900.25,0.068,16.4,-600000.0,30.93,20.11,0.00,0.27,3
SIM_k05_h2000,0.5,2000,45000,1234570.14,2.25,13.6,11.89,175.00,11.89,90.00,90.00,0.00,59.262,900.25,0.086,20.8,-600000.0,34.72,22.56,0.00,0.27,3
SIM_k05_h2000,0.5,2000,45000,1234570.44,2.55,17.4,13.51,175.12,13.51,90.00,90.00,0.00,59.164,900.25,0.111,26.7,-600000.0,39.29,25.51,0.00,0.27,3
SIM_k05_h2000,0.5,2000,45000,1234570.69,2.80,21.0,14.86,175.23,14.86,90.00,90.00,0.00,59.082,900.25,0.135,32.3,-600000.0,43.09,27.96,0.00,0.28,3
SIM_k05_h2000,0.5,2000,45000,1234570.94,3.05,24.9,16.22,175.35,16.22,90.00,90.00,0.00,59.000,900.25,0.160,38.3,-600000.0,46.90,30.41,0.00,0.28,3
SIM_k05_h2000,0.5,2000,45000,1234571.19,3.30,29.2,17.58,175.48,17.58,90.00,90.00,0.00,58.918,900.25,0.188,45.0,-600000.0,50.72,32.86,0.00,0.28,3
SIM_k05_h2000,0.5,2000,45000,1234571.44,3.55,33.8,18.95,175.63,18.95,90.00,90.00,0.00,58.836,900.25,0.219,52.1,-600000.0,54.55,35.31,0.00,0.28,3
SIM_k05_h2000,0.5,2000,45000,1234571.69,3.80,38.7,20.32,175.78,20.32,90.00,90.00,0.00,58.754,900.25,0.251,59.8,-600000.0,58.37,37.77,0.00,0.29,3
SIM_k05_h2000,0.5,2000,45000,1234571.94,4.05,44.0,21.70,175.94,21.70,90.00,90.00,0.00,58.672,900.25,0.286,68.0,-600000.0,62.21,40.22,0.00,0.29,3
SIM_k05_h2000,0.5,2000,45000,1234572.19,4.30,49.7,23.08,176.12,23.08,90.00,90.00,0.00,58.590,900.25,0.323,76.8,-600000.0,66.05,42.67,0.00,0.29,3
SIM_k05_h2000,0.5,2000,45000,1234572.44,4.55,55.6,24.47,176.31,24.47,90.00,90.00,0.00,58.508,900.25,0.363,86.2,-600000.0,69.89,45.12,0.00,0.30,3
SIM_k05_h2000,0.5,2000,45000,1234572.69,4.80,62.0,25.87,176.51,25.87,90.00,90.00,0.00,58.426,900.25,0.405,96.1,-600000.0,73.74,47.58,0.00,0.30,3
SIM_k05_h2000,0.5,2000,45000,1234572.94,5.05,68.6,27.26,176.72,27.26,90.00,90.00,0.00,58.344,900.25,0.450,106.5,-600000.0,77.60,50.03,0.00,0.31,3
SIM_k05_h2000,0.5,2000,45000,1234573.19,5.30,75.7,28.67,176.94,28.67,90.00,90.00,0.00,58.262,900.25,0.497,117.6,-600000.0,81.46,52.48,0.00,0.31,3
SIM_k05_h2000,0.5,2000,45000,1234573.44,5.55,83.1,30.08,177.17,30.08,90.00,90.00,0.00,58.180,900.25,0.546,129.2,-600000.0,85.32,54.93,0.00,0.32,3
SIM_k05_h2000,0.5,2000,45000,1234573.69,5.80,90.8,31.49,177.42,31.49,90.00,90.00,0.00,58.098,900.25,0.598,141.3,-600000.0,89.20,57.38,0.00,0.32,3
SIM_k05_h2000,0.5,2000,45000,1234573.94,6.05,98.9,32.91,177.67,32.91,90.00,90.00,0.00,58.016,900.25,0.652,154.1,-600000.0,93.07,59.83,0.00,0.33,3
SIM_k05_h2000,0.5,2000,45000,1234574.19,6.30,107.3,34.33,177.94,34.33,90.00,90.00,0.00,57.935,900.25,0.708,167.4,-600000.0,96.96,62.29,0.00,0.34,3
SIM_k05_h2000,0.5,2000,45000,1234574.44,6.55,116.1,35.76,178.22,35.76,90.00,90.00,0.00,57.853,900.25,0.767,181.3,-600000.0,100.84,64.74,0.00,0.34,3
SIM_k05_h2000,0.5,2000,45000,1234574.69,6.80,125.3,37.20,178.52,37.20,90.00,90.00,0.00,57.771,900.25,0.829,195.8,-600000.0,104.74,67.19,0.00,0.35,3
SIM_k05_h2000,0.5,2000,45000,1234574.94,7.05,134.8,38.64,178.82,38.64,90.00,90.00,0.00,57.689,900.25,0.893,210.9,-600000.0,108.64,69.64,0.00,0.36,3
SIM_k05_h2000,0.5,2000,45000,1234575.19,7.30,144.7,40.08,179.14,40.08,90.00,90.00,0.00,57.607,900.25,0.959,226.6,-600000.0,112.54,72.09,0.00,0.37,3
SIM_k05_h2000,0.5,2000,45000,1234575.44,7.55,154.9,41.53,179.47,41.53,90.00,90.00,0.00,57.525,900.25,1.028,242.8,-600000.0,116.45,74.54,0.00,0.38,3
SIM_k05_h2000,0.5,2000,45000,1234575.69,7.80,165.5,42.98,179.81,42.98,90.00,90.00,0.00,57.443,900.25,1.099,259.7,-600000.0,120.37,76.99,0.00,0.39,3
SIM_k05_h2000,0.5,2000,45000,1234575.94,8.05,176.5,44.44,180.17,44.44,90.00,90.00,0.00,57.361,900.25,1.172,277.2,-600000.0,124.29,79.45,0.00,0.40,3
SIM_k05_h2000,0.5,2000,45000,1234576.19,8.30,187.8,45.91,180.53,45.91,90.00,90.00,0.00,57.279,900.25,1.248,295.3,-600000.0,128.22,81.90,0.00,0.41,3
SIM_k05_h2000,0.5,2000,45000,1234576.44,8.55,199.5,47.38,180.91,47.38,90.00,90.00,0.00,57.197,900.25,1.327,314.0,-600000.0,132.15,84.35,0.00,0.42,3
SIM_k05_h2000,0.5,2000,45000,1234576.69,8.80,211.5,48.85,181.31,48.85,90.00,90.00,0.00,57.115,900.25,1.407,333.3,-600000.0,136.09,86.80,0.00,0.44,3
SIM_k05_h2000,0.5,2000,45000,1234576.94,9.05,224.0,50.33,181.71,50.33,90.00,90.00,0.00,57.033,900.25,1.491,353.2,-600000.0,140.03,89.25,0.00,0.45,3
SIM_k05_h2000,0.5,2000,45000,1234577.19,9.30,236.8,51.81,182.13,51.81,90.00,90.00,0.00,56.951,900.25,1.576,373.8,-600000.0,143.98,91.70,0.00,0.47,3
SIM_k05_h2000,0.5,2000,45000,1234577.39,9.50,247.3,53.01,182.47,53.01,90.00,90.00,0.00,56.885,900.25,1.647,390.7,-600000.0,147.14,93.66,0.00,0.48,3
SIM_k05_h2000,0.5,2000,45000,1234577.64,9.75,260.8,54.50,182.91,54.50,90.00,90.00,0.00,56.803,900.25,1.736,412.3,-600000.0,151.10,96.11,0.00,0.49,3
SIM_k05_h2000,0.5,2000,45000,1234577.89,10.00,274.6,56.00,183.36,56.00,90.00,90.00,0.00,56.721,900.25,1.829,434.6,-600000.0,155.07,98.56,0.00,0.51,3
SIM_k05_h2000,0.5,2000,45000,1234578.14,10.25,288.8,57.50,183.82,57.50,90.00,90.00,0.00,56.639,900.25,1.923,457.6,-600000.0,159.04,101.01,0.00,0.53,3
SIM_k05_h2000,0.5,2000,45000,1234578.39,10.50,303.4,59.01,184.30,59.01,90.00,90.00,0.00,56.558,900.25,2.020,481.2,-600000.0,163.02,103.46,0.00,0.55,3
SIM_k05_h2000,0.5,2000,45000,1234578.64,10.75,318.4,60.52,184.79,60.52,90.00,90.00,0.00,56.476,900.25,2.120,505.4,-600000.0,167.00,105.91,0.00,0.57,3
SIM_k05_h2000,0.5,2000,45000,1234578.89,11.00,333.8,62.04,185.30,62.04,90.00,90.00,0.00,56.394,900.25,2.221,530.3,-600000.0,170.99,108.36,0.00,0.59,3
SIM_k05_h2000,0.5,2000,45000,1234579.14,11.25,349.5,63.57,185.81,63.57,90.00,90.00,0.00,56.312,900.25,2.325,555.8,-600000.0,174.98,110.81,0.00,0.61,3
SIM_k05_h2000,0.5,2000,45000,1234579.39,11.50,365.6,65.09,186.34,65.09,90.00,90.00,0.00,56.230,900.25,2.431,581.9,-600000.0,178.98,113.26,0.00,0.63,3
SIM_k05_h2000,0.5,2000,45000,1234579.64,11.75,382.1,66.63,186.88,66.63,90.00,90.00,0.00,56.148,900.25,2.540,608.8,-600000.0,182.99,115.71,0.00,0.65,3
SIM_k05_h2000,0.5,2000,45000,1234579.89,12.00,399.0,68.17,187.43,68.17,90.00,90.00,0.00,56.066,900.25,2.650,636.3,-600000.0,187.00,118.16,0.00,0.68,3
SIM_k05_h2000,0.5,2000,45000,1234580.14,12.25,416.3,69.71,188.00,69.71,90.00,90.00,0.00,55.984,900.25,2.763,664.4,-600000.0,191.02,120.61,0.00,0.70,3
SIM_k05_h2000,0.5,2000,45000,1234580.39,12.50,434.0,71.26,188.58,71.26,90.00,90.00,0.00,55.902,900.25,2.878,693.3,-600000.0,195.04,123.06,0.00,0.73,3
SIM_k05_h2000,0.5,2000,45000,1234580.64,12.75,452.0,72.81,189.17,72.81,90.00,90.00,0.00,55.820,900.25,2.995,722.7,-600000.0,199.07,125.51,0.00,0.76,3
SIM_k05_h2000,0.5,2000,45000,1234580.89,13.00,470.5,74.37,189.78,74.37,90.00,90.00,0.00,55.738,900.25,3.115,752.9,-600000.0,203.11,127.95,0.00,0.78,3
SIM_k05_h2000,0.5,2000,45000,1234581.14,13.25,489.3,75.93,190.40,75.93,90.00,90.00,0.00,55.656,900.25,3.236,783.8,-600000.0,207.15,130.40,0.00,0.81,3
SIM_k05_h2000,0.5,2000,45000,1234581.39,13.50,508.5,77.50,191.03,77.50,90.00,90.00,0.00,55.574,900.25,3.360,815.3,-600000.0,211.20,132.85,0.00,0.84,3
SIM_k05_h2000,0.5,2000,45000,1234581.64,13.75,528.1,79.07,191.67,79.07,90.00,90.00,0.00,55.492,900.25,3.485,847.5,-600000.0,215.25,135.30,0.00,0.88,3
SIM_k05_h2000,0.5,2000,45000,1234581.89,14.00,548.1,80.65,192.33,80.65,90.00,90.00,0.00,55.410,900.25,3.613,880.4,-600000.0,219.31,137.75,0.00,0.91,3
SIM_k05_h2000,0.5,2000,45000,1234582.14,14.25,568.5,82.23,193.00,82.23,90.00,90.00,0.00,55.328,900.25,3.742,914.0,-600000.0,223.37,140.20,0.00,0.94,3
SIM_k05_h2000,0.5,2000,45000,1234582.39,14.50,589.3,83.82,193.68,83.82,90.00,90.00,0.00,55.246,900.25,3.874,948.3,-600000.0,227.45,142.64,0.00,0.98,3
SIM_k05_h2000,0.5,2000,45000,1234582.64,14.75,610.5,85.42,194.37,85.42,90.00,90.00,0.00,55.164,900.25,4.007,983.4,-600000.0,231.52,145.09,0.00,1.02,3
SIM_k05_h2000,0.5,2000,45000,1234582.89,15.00,632.1,87.01,195.08,87.01,90.00,90.00,0.00,55.082,900.25,4.143,1019.1,-600000.0,235.61,147.54,0.00,1.05,3
SIM_k05_h2000,0.5,2000,45000,1234583.14,15.25,654.1,88.62,195.80,88.62,90.00,90.00,0.00,55.000,900.25,4.280,1055.5,-600000.0,239.70,149.99,0.00,1.09,3
SIM_k05_h2000,0.5,2000,45000,1234583.39,15.50,676.5,90.22,196.53,90.22,90.00,90.00,0.00,54.918,900.25,4.419,1092.6,-600000.0,243.79,152.43,0.00,1.13,3
SIM_k05_h2000,0.5,2000,45000,1234583.64,15.75,699.3,91.84,197.28,91.84,90.00,90.00,0.00,54.836,900.25,4.560,1130.5,-600000.0,247.89,154.88,0.00,1.18,3
SIM_k05_h2000,0.5,2000,45000,1234583.89,16.00,722.5,93.46,198.04,93.46,90.00,90.00,0.00,54.754,900.25,4.702,1169.0,-600000.0,252.00,157.33,0.00,1.22,3
SIM_k05_h2000,0.5,2000,45000,1234584.14,16.25,746.1,95.08,198.81,95.08,90.00,90.00,0.00,54.672,900.25,4.846,1208.3,-600000.0,256.12,159.77,0.00,1.26,3
SIM_k05_h2000,0.5,2000,45000,1234584.39,16.50,770.1,96.71,199.59,96.71,90.00,90.00,0.00,54.590,900.25,4.992,1248.4,-600000.0,260.24,162.22,0.00,1.31,3
SIM_k05_h2000,0.5,2000,45000,1234584.64,16.75,794.5,98.34,200.39,98.34,90.00,90.00,0.00,54.508,900.25,5.140,1289.1,-600000.0,264.36,164.67,0.00,1.36,3
SIM_k05_h2000,0.5,2000,45000,1234584.89,17.00,819.4,99.98,201.20,99.98,90.00,90.00,0.00,54.426,900.25,5.289,1330.6,-600000.0,268.50,167.11,0.00,1.41,3
SIM_k05_h2000,0.5,2000,45000,1234585.14,17.25,844.6,101.62,202.02,101.62,90.00,90.00,0.00,54.344,900.25,5.440,1372.9,-600000.0,272.63,169.56,0.00,1.46,3
SIM_k05_h2000,0.5,2000,45000,1234585.39,17.50,870.3,103.27,202.85,103.27,90.00,90.00,0.00,54.263,900.25,5.592,1415.9,-600000.0,276.78,172.00,0.00,1.51,3
SIM_k05_h2000,0.5,2000,45000,1234585.64,17.75,896.3,104.92,203.70,104.92,90.00,90.00,0.00,54.181,900.25,5.745,1459.6,-600000.0,280.93,174.45,0.00,1.56,3
SIM_k05_h2000,0.5,2000,45000,1234585.89,18.00,922.8,106.58,204.56,106.58,90.00,90.00,0.00,54.099,900.25,5.900,1504.1,-600000.0,285.09,176.89,0.00,1.62,3
SIM_k05_h2000,0.5,2000,45000,1234586.14,18.25,949.7,108.24,205.43,108.24,90.00,90.00,0.00,54.017,900.25,6.057,1549.3,-600000.0,289.25,179.34,0.00,1.67,3
SIM_k05_h2000,0.5,2000,45000,1234586.39,18.50,977.0,109.91,206.31,109.91,90.00,90.00,0.00,53.935,900.25,6.214,1595.3,-600000.0,293.42,181.78,0.00,1.73,3
SIM_k05_h2000,0.5,2000,45000,1234586.64,18.75,1004.7,111.58,207.21,111.58,90.00,90.00,0.00,53.853,900.25,6.373,1642.1,-600000.0,297.60,184.23,0.00,1.79,3
SIM_k05_h2000,0.5,2000,45000,1234586.89,19.00,1032.9,113.26,208.12,113.26,90.00,90.00,0.00,53.771,900.25,6.534,1689.6,-600000.0,301.78,186.67,0.00,1.85,3
SIM_k05_h2000,0.5,2000,45000,1234587.14,19.25,1061.4,114.94,209.04,114.94,90.00,90.00,0.00,53.689,900.25,6.695,1738.0,-600000.0,305.97,189.11,0.00,1.92,3
SIM_k05_h2000,0.5,2000,45000,1234587.39,19.50,1090.4,116.63,209.97,116.63,90.00,90.00,0.00,53.607,900.25,6.857,1787.1,-600000.0,310.17,191.56,0.00,1.98,3
SIM_k05_h2000,0.5,2000,45000,1234587.64,19.75,1119.8,118.32,210.92,118.32,90.00,90.00,0.00,53.525,900.25,7.021,1836.9,-600000.0,314.37,194.00,0.00,2.05,3
SIM_k05_h2000,0.5,2000,45000,1234587.89,20.00,1149.7,120.02,211.87,120.02,90.00,90.00,0.00,53.443,900.25,7.185,1887.6,-600000.0,318.58,196.44,0.00,2.11,3
SIM_k05_h2000,0.5,2000,45000,1234588.14,20.25,1179.9,121.72,212.84,121.72,90.00,90.00,0.00,53.361,900.25,7.351,1939.0,-600000.0,322.79,198.89,0.00,2.18,3
SIM_k05_h2000,0.5,2000,45000,1234588.39,20.50,1210.6,123.43,213.82,123.43,90.00,90.00,0.00,53.279,900.25,7.517,1991.3,-600000.0,327.02,201.33,0.00,2.25,3
SIM_k05_h2000,0.5,2000,45000,1234588.64,20.75,1241.7,125.14,214.82,125.14,90.00,90.00,0.00,53.197,900.25,7.685,2044.3,-600000.0,331.24,203.77,0.00,2.33,3
SIM_k05_h2000,0.5,2000,45000,1234588.89,21.00,1273.3,126.86,215.82,126.86,90.00,90.00,0.00,53.115,900.25,7.853,2098.2,-600000.0,335.48,206.22,0.00,2.40,3
SIM_k05_h2000,0.5,2000,45000,1234589.14,21.25,1305.3,128.59,216.84,128.59,90.00,90.00,0.00,53.033,900.25,8.022,2152.8,-600000.0,339.72,208.66,0.00,2.48,3
SIM_k05_h2000,0.5,2000,45000,1234589.39,21.50,1337.7,130.31,217.87,130.31,90.00,90.00,0.00,52.951,900.25,8.191,2208.3,-600000.0,343.97,211.10,0.00,2.55,3
SIM_k05_h2000,0.5,2000,45000,1234589.64,21.75,1370.5,132.05,218.91,132.05,90.00,90.00,0.00,52.869,900.25,8.361,2264.6,-600000.0,348.22,213.54,0.00,2.63,3
SIM_k05_h2000,0.5,2000,45000,1234589.89,22.00,1403.8,133.79,219.96,133.79,90.00,90.00,0.00,52.787,900.25,8.532,2321.7,-600000.0,352.48,215.98,0.00,2.72,3
SIM_k05_h2000,0.5,2000,45000,1234590.14,22.25,1437.5,135.53,221.03,135.53,90.00,90.00,0.00,52.705,900.25,8.704,2379.7,-600000.0,356.75,218.42,0.00,2.80,3
SIM_k05_h2000,0.5,2000,45000,1234590.39,22.50,1471.6,137.28,222.11,137.28,90.00,90.00,0.00,52.623,900.25,8.875,2438.4,-600000.0,361.02,220.86,0.00,2.88,3
SIM_k05_h2000,0.5,2000,45000,1234590.64,22.75,1506.2,139.03,223.19,139.03,90.00,90.00,0.00,52.541,900.25,9.048,2498.0,-600000.0,365.31,223.30,0.00,2.97,3
SIM_k05_h2000,0.5,2000,45000,1234590.89,23.00,1541.2,140.79,224.29,140.79,90.00,90.00,0.00,52.459,900.25,9.220,2558.5,-600000.0,369.59,225.74,0.00,3.06,3
SIM_k05_h2000,0.5,2000,45000,1234591.14,23.25,1576.7,142.56,225.41,142.56,90.00,90.00,0.00,52.377,900.25,9.393,2619.8,-600000.0,373.89,228.18,0.00,3.15,3
SIM_k05_h2000,0.5,2000,45000,1234591.39,23.50,1612.6,144.33,226.53,144.33,90.00,90.00,0.00,52.295,900.25,9.566,2681.9,-600000.0,378.19,230.62,0.00,3.24,3
SIM_k05_h2000,0.5,2000,45000,1234591.64,23.75,1648.9,146.10,227.66,146.10,90.00,90.00,0.00,52.213,900.25,9.739,2744.9,-600000.0,382.50,233.06,0.00,3.33,3
SIM_k05_h2000,0.5,2000,45000,1234591.89,24.00,1685.7,147.88,228.81,147.88,90.00,90.00,0.00,52.131,900.25,9.913,2808.7,-600000.0,386.81,235.50,0.00,3.43,3
SIM_k05_h2000,0.5,2000,45000,1234592.14,24.25,1723.0,149.67,229.97,149.67,90.00,90.00,0.00,52.049,900.25,10.086,2873.4,-600000.0,391.13,237.94,0.00,3.53,3
SIM_k05_h2000,0.5,2000,45000,1234592.39,24.50,1760.7,151.46,231.14,151.46,90.00,90.00,0.00,51.968,900.25,10.260,2939.0,-600000.0,395.46,240.38,0.00,3.62,3
SIM_k05_h2000,0.5,2000,45000,1234592.64,24.75,1798.8,153.25,232.32,153.25,90.00,90.00,0.00,51.886,900.25,10.433,3005.5,-600000.0,399.79,242.82,0.00,3.73,3
SIM_k05_h2000,0.5,2000,45000,1234592.89,25.00,1837.4,155.06,233.51,155.06,90.00,90.00,0.00,51.804,900.25,10.607,3072.8,-600000.0,404.14,245.25,0.00,3.83,3
SIM_k05_h2000,0.5,2000,45000,1234593.14,25.25,1876.4,156.86,234.71,156.86,90.00,90.00,0.00,51.722,900.25,10.780,3141.0,-600000.0,408.49,247.69,0.00,3.93,3
SIM_k05_h2000,0.5,2000,45000,1234593.39,25.50,1915.9,158.67,235.93,158.67,90.00,90.00,0.00,51.640,900.25,10.953,3210.1,-600000.0,412.84,250.13,0.00,4.04,3
SIM_k05_h2000,0.5,2000,45000,1234593.64,25.75,1955.8,160.49,237.16,160.49,90.00,90.00,0.00,51.558,900.25,11.126,3280.1,-600000.0,417.20,252.56,0.00,4.15,3
SIM_k05_h2000,0.5,2000,45000,1234593.89,26.00,1996.2,162.31,238.39,162.31,90.00,90.00,0.00,51.476,900.25,11.298,3351.0,-600000.0,421.57,255.00,0.00,4.26,3
SIM_k05_h2000,0.5,2000,45000,1234594.14,26.25,2037.1,164.14,239.72,164.14,89.96,87.36,2.61,51.394,900.25,11.470,3422.8,-600000.0,425.95,257.44,0.00,4.37,3
SIM_k05_h2000,0.5,2000,45000,1234594.39,26.50,2078.4,165.97,241.15,165.97,89.88,86.16,3.72,51.312,900.25,11.641,3495.4,-600000.0,430.33,259.87,0.01,4.48,3
SIM_k05_h2000,0.5,2000,45000,1234594.64,26.75,2120.2,167.80,242.64,167.80,89.77,85.24,4.53,51.230,900.25,11.810,3568.8,-600000.0,434.72,262.31,0.02,4.60,3
SIM_k05_h2000,0.5,2000,45000,1234594.89,27.00,2162.4,169.63,244.19,169.62,89.64,84.47,5.17,51.148,900.25,11.978,3643.1,-599999.9,439.12,264.74,0.04,4.71,3
SIM_k05_h2000,0.5,2000,45000,1234595.14,27.25,2205.1,171.46,245.78,171.45,89.50,83.78,5.71,51.066,900.25,12.145,3718.1,-599999.9,443.52,267.18,0.06,4.83,3
SIM_k05_h2000,0.5,2000,45000,1234595.39,27.50,2248.2,173.29,247.41,173.28,89.34,83.16,6.18,50.984,900.25,12.311,3794.0,-599999.8,447.94,269.61,0.08,4.95,3
SIM_k05_h2000,0.5,2000,45000,1234595.64,27.75,2291.8,175.13,249.08,175.11,89.17,82.59,6.58,50.902,900.25,12.476,3870.7,-599999.7,452.36,272.05,0.11,5.07,3
SIM_k05_h2000,0.5,2000,45000,1234595.89,28.00,2335.9,176.96,250.78,176.94,88.99,82.05,6.94,50.820,900.25,12.639,3948.2,-599999.5,456.78,274.48,0.14,5.20,3
SIM_k05_h2000,0.5,2000,45000,1234596.14,28.25,2380.4,178.80,252.52,178.76,88.80,81.54,7.26,50.738,900.25,12.801,4026.6,-599999.3,461.21,276.91,0.18,5.32,3
SIM_k05_h2000,0.5,2000,45000,1234596.39,28.50,2425.3,180.65,254.28,180.59,88.60,81.05,7.55,50.656,900.25,12.962,4105.7,-599999.0,465.65,279.34,0.21,5.45,3
SIM_k05_h2000,0.5,2000,45000,1234596.64,28.75,2470.7,182.49,256.08,182.42,88.39,80.58,7.81,50.574,900.25,13.121,4185.7,-599998.7,470.10,281.78,0.25,5.58,3
SIM_k05_h2000,0.5,2000,45000,1234596.89,29.00,2516.6,184.34,257.90,184.25,88.18,80.14,8.04,50.492,900.25,13.279,4266.5,-599998.2,474.56,284.21,0.30,5.71,3
SIM_k05_h2000,0.5,2000,45000,1234597.14,29.25,2563.0,186.19,259.75,186.08,87.96,79.70,8.26,50.410,900.25,13.436,4348.1,-599997.7,479.02,286.64,0.34,5.84,3
SIM_k05_h2000,0.5,2000,45000,1234597.39,29.50,2609.8,188.05,261.62,187.90,87.73,79.28,8.45,50.328,900.25,13.591,4430.5,-599997.2,483.49,289.07,0.39,5.98,3
SIM_k05_h2000,0.5,2000,45000,1234597.64,29.75,2657.0,189.91,263.52,189.73,87.50,78.88,8.63,50.246,900.25,13.745,4513.8,-599996.5,487.96,291.50,0.44,6.12,3
SIM_k05_h2000,0.5,2000,45000,1234597.89,30.00,2704.7,191.78,265.44,191.56,87.27,78.48,8.79,50.164,900.25,13.898,4597.8,-599995.7,492.45,293.92,0.49,6.25,3
SIM_k05_h2000,0.5,2000,45000,1234598.14,30.25,2752.9,193.65,267.38,193.39,87.03,78.09,8.94,50.082,900.25,14.049,4682.7,-599994.8,496.94,296.35,0.54,6.39,3
SIM_k05_h2000,0.5,2000,45000,1234598.39,30.50,2801.5,195.52,269.34,195.21,86.78,77.71,9.07,50.000,900.25,14.198,4768.4,-599993.8,501.44,298.78,0.60,6.54,3
SIM_k05_h2000,0.5,2000,45000,1234598.64,30.75,2850.6,197.40,271.33,197.04,86.53,77.34,9.19,49.918,900.25,14.346,4854.9,-599992.7,505.94,301.20,0.66,6.68,3
SIM_k05_h2000,0.5,2000,45000,1234598.89,31.00,2900.1,199.29,273.34,198.87,86.28,76.98,9.30,49.836,900.25,14.493,4942.3,-599991.4,510.45,303.63,0.72,6.83,3
SIM_k05_h2000,0.5,2000,45000,1234599.14,31.25,2950.1,201.18,275.37,200.69,86.03,76.62,9.40,49.754,900.25,14.637,5030.4,-599990.0,514.97,306.05,0.78,6.97,3
SIM_k05_h2000,0.5,2000,45000,1234599.39,31.50,3000.5,203.07,277.41,202.52,85.77,76.27,9.50,49.673,900.25,14.781,5119.4,-599988.4,519.50,308.47,0.84,7.12,3
SIM_k05_h2000,0.5,2000,45000,1234599.64,31.75,3051.4,204.97,279.48,204.34,85.50,75.93,9.58,49.591,900.25,14.923,5209.1,-599986.7,524.04,310.89,0.90,7.27,3
SIM_k05_h2000,0.5,2000,45000,1234599.89,32.00,3102.8,206.88,281.56,206.17,85.24,75.59,9.65,49.509,900.25,15.063,5299.7,-599984.8,528.58,313.31,0.97,7.42,3
SIM_k05_h2000,0.5,2000,45000,1234600.14,32.25,3154.6,208.79,283.67,207.99,84.97,75.25,9.72,49.427,900.25,15.202,5391.1,-599982.8,533.13,315.73,1.03,7.58,3
SIM_k05_h2000,0.5,2000,45000,1234600.39,32.50,3206.9,210.71,285.79,209.81,84.70,74.92,9.78,49.345,900.25,15.339,5483.3,-599980.5,537.69,318.15,1.10,7.73,3
SIM_k05_h2000,0.5,2000,45000,1234600.64,32.75,3259.6,212.64,287.93,211.64,84.43,74.60,9.84,49.263,900.25,15.474,5576.4,-599978.1,542.25,320.56,1.16,7.89,3
SIM_k05_h2000,0.5,2000,45000,1234600.89,33.00,3312.8,214.57,290.09,213.46,84.16,74.27,9.88,49.181,900.25,15.608,5670.2,-599975.4,546.83,322.98,1.23,8.05,3
SIM_k05_h2000,0.5,2000,45000,1234601.14,33.25,3366.4,216.51,292.26,215.28,83.88,73.96,9.93,49.099,900.25,15.740,5764.9,-599972.6,551.41,325.39,1.30,8.21,3
SIM_k05_h2000,0.5,2000,45000,1234601.39,33.50,3420.5,218.46,294.46,217.10,83.61,73.64,9.96,49.017,900.25,15.870,5860.3,-599969.5,556.00,327.80,1.37,8.37,3
SIM_k05_h2000,0.5,2000,45000,1234601.64,33.75,3475.1,220.41,296.66,218.92,83.33,73.33,10.00,48.935,900.25,15.998,5956.6,-599966.2,560.59,330.21,1.44,8.54,3
SIM_k05_h2000,0.5,2000,45000,1234601.89,34.00,3530.1,222.37,298.89,220.74,83.05,73.02,10.02,48.853,900.25,16.125,6053.7,-599962.6,565.20,332.61,1.51,8.70,3
SIM_k05_h2000,0.5,2000,45000,1234602.14,34.25,3585.5,224.34,301.13,222.56,82.77,72.72,10.05,48.771,900.25,16.250,6151.6,-599958.8,569.81,335.02,1.58,8.87,3
SIM_k05_h2000,0.5,2000,45000,1234602.39,34.50,3641.5,226.32,303.39,224.38,82.48,72.42,10.07,48.689,900.25,16.374,6250.3,-599954.8,574.43,337.42,1.65,9.04,3
SIM_k05_h2000,0.5,2000,45000,1234602.64,34.75,3697.8,228.30,305.66,226.19,82.20,72.12,10.08,48.607,900.25,16.495,6349.8,-599950.4,579.06,339.82,1.72,9.21,3
SIM_k05_h2000,0.5,2000,45000,1234602.89,35.00,3754.6,230.30,307.95,228.01,81.91,71.82,10.09,48.525,900.25,16.615,6450.1,-599945.8,583.69,342.22,1.79,9.38,3
SIM_k05_h2000,0.5,2000,45000,1234603.14,35.25,3811.9,232.30,310.26,229.82,81.63,71.53,10.10,48.443,900.25,16.733,6551.2,-599940.9,588.33,344.62,1.86,9.55,3
SIM_k05_h2000,0.5,2000,45000,1234603.39,35.50,3869.6,234.31,312.58,231.64,81.34,71.23,10.11,48.361,900.25,16.849,6653.1,-599935.7,592.98,347.01,1.94,9.73,3
SIM_k05_h2000,0.5,2000,45000,1234603.64,35.75,3927.8,236.33,314.91,233.45,81.05,70.94,10.11,48.279,900.25,16.963,6755.9,-599930.2,597.64,349.41,2.01,9.90,3
SIM_k05_h2000,0.5,2000,45000,1234603.89,36.00,3986.5,238.35,317.26,235.26,80.76,70.66,10.11,48.197,900.25,17.076,6859.4,-599924.4,602.31,351.80,2.08,10.08,3
SIM_k05_h2000,0.5,2000,45000,1234604.14,36.25,4045.5,240.39,319.63,237.07,80.47,70.37,10.10,48.115,900.25,17.186,6963.7,-599918.2,606.98,354.18,2.15,10.26,3
SIM_k05_h2000,0.5,2000,45000,1234604.39,36.50,4105.1,242.43,322.01,238.88,80.19,70.09,10.10,48.033,900.25,17.295,7068.9,-599911.7,611.67,356.57,2.23,10.44,3
SIM_k05_h2000,0.5,2000,45000,1234604.64,36.75,4165.1,244.49,324.40,240.69,79.89,69.80,10.09,47.951,900.25,17.402,7174.8,-599904.9,616.36,358.95,2.30,10.62,3
SIM_k05_h2000,0.5,2000,45000,1234604.89,37.00,4225.5,246.55,326.81,242.50,79.60,69.52,10.08,47.869,900.25,17.507,7281.6,-599897.7,621.05,361.33,2.37,10.81,3
SIM_k05_h2000,0.5,2000,45000,1234605.14,37.25,4286.4,248.62,329.24,244.31,79.31,69.25,10.07,47.787,900.25,17.610,7389.1,-599890.1,625.76,363.71,2.44,10.99,3
SIM_k05_h2000,0.5,2000,45000,1234605.39,37.50,4347.8,250.70,331.68,246.11,79.02,68.97,10.05,47.705,900.25,17.711,7497.4,-599882.1,630.48,366.08,2.52,11.18,3
SIM_k05_h2000,0.5,2000,45000,1234605.69,37.80,4422.0,253.21,334.62,248.28,78.67,68.64,10.03,47.607,900.25,17.829,7628.5,-599872.0,636.14,368.93,2.60,11.40,3
SIM_k05_h2000,0.5,2000,45000,1234605.94,38.05,4484.3,255.31,337.09,250.08,78.38,68.37,10.01,47.525,900.25,17.926,7738.6,-599863.1,640.88,371.29,2.68,11.59,3
SIM_k05_h2000,0.5,2000,45000,1234606.19,38.30,4547.1,257.43,339.58,251.88,78.09,68.10,9.99,47.443,900.25,18.021,7849.5,-599853.8,645.62,373.66,2.75,11.78,3
SIM_k05_h2000,0.5,2000,45000,1234606.44,38.55,4610.3,259.55,342.07,253.68,77.79,67.83,9.97,47.361,900.25,18.114,7961.2,-599844.1,650.37,376.02,2.82,11.97,3
SIM_k05_h2000,0.5,2000,45000,1234606.69,38.80,4674.0,261.68,344.59,255.48,77.50,67.56,9.94,47.279,900.25,18.204,8073.7,-599833.9,655.12,378.38,2.89,12.17,3
SIM_k05_h2000,0.5,2000,45000,1234606.94,39.05,4738.2,263.83,347.11,257.28,77.21,67.29,9.92,47.197,900.25,18.293,8187.0,-599823.3,659.89,380.74,2.96,12.36,3
SIM_k05_h2000,0.5,2000,45000,1234607.19,39.30,4802.8,265.98,349.65,259.08,76.92,67.02,9.89,47.115,900.25,18.380,8301.1,-599812.2,664.66,383.09,3.03,12.56,3
SIM_k05_h2000,0.5,2000,45000,1234607.44,39.55,4867.8,268.15,352.21,260.87,76.62,66.76,9.87,47.033,900.25,18.465,8415.9,-599800.6,669.44,385.44,3.10,12.76,3
SIM_k05_h2000,0.5,2000,45000,1234607.69,39.80,4933.3,270.32,354.78,262.67,76.33,66.49,9.84,46.951,900.25,18.547,8531.6,-599788.5,674.23,387.78,3.17,12.95,3
SIM_k05_h2000,0.5,2000,45000,1234607.94,40.05,4999.2,272.51,357.36,264.46,76.04,66.23,9.81,46.869,900.25,18.628,8648.1,-599775.9,679.03,390.12,3.25,13.15,3
SIM_k05_h2000,0.5,2000,45000,1234608.19,40.30,5065.6,274.71,359.95,266.25,75.75,65.97,9.78,46.787,900.25,18.706,8765.3,-599762.8,683.84,392.46,3.32,13.35,3
SIM_k05_h2000,0.5,2000,45000,1234608.44,40.55,5132.4,276.91,362.56,268.04,75.45,65.71,9.75,46.705,900.25,18.783,8883.3,-599749.1,688.65,394.80,3.38,13.56,3
SIM_k05_h2000,0.5,2000,45000,1234608.69,40.80,5199.7,279.13,365.19,269.83,75.16,65.45,9.71,46.623,900.25,18.857,9002.2,-599734.9,693.48,397.13,3.45,13.76,3
SIM_k05_h2000,0.5,2000,45000,1234608.94,41.05,5267.4,281.36,367.82,271.61,74.87,65.19,9.68,46.541,900.25,18.930,9121.8,-599720.2,698.31,399.46,3.52,13.96,3
SIM_k05_h2000,0.5,2000,45000,1234609.19,41.30,5335.6,283.61,370.47,273.40,74.58,64.93,9.65,46.460,900.25,19.000,9242.2,-599704.8,703.15,401.78,3.59,14.17,3
SIM_k05_h2000,0.5,2000,45000,1234609.44,41.55,5404.2,285.86,373.14,275.18,74.29,64.68,9.61,46.378,900.25,19.068,9363.4,-599688.9,708.00,404.10,3.66,14.38,3
SIM_k05_h2000,0.5,2000,45000,1234609.69,41.80,5473.3,288.13,375.82,276.96,74.00,64.42,9.58,46.296,900.25,19.134,9485.3,-599672.4,712.86,406.42,3.73,14.58,3
SIM_k05_h2000,0.5,2000,45000,1234609.94,42.05,5542.8,290.40,378.51,278.74,73.71,64.17,9.54,46.214,900.25,19.198,9608.1,-599655.2,717.73,408.73,3.80,14.79,3
SIM_k05_h2000,0.5,2000,45000,1234610.19,42.30,5612.8,292.69,381.21,280.52,73.42,63.91,9.50,46.132,900.25,19.260,9731.6,-599637.4,722.60,411.04,3.86,15.00,3
SIM_k05_h2000,0.5,2000,45000,1234610.44,42.55,5683.2,294.99,383.93,282.30,73.13,63.66,9.47,46.050,900.25,19.319,9855.9,-599619.0,727.48,413.35,3.93,15.21,3
SIM_k05_h2000,0.5,2000,45000,1234610.69,42.80,5754.0,297.31,386.67,284.07,72.84,63.41,9.43,45.968,900.25,19.377,9981.0,-599599.9,732.38,415.65,4.00,15.43,3
SIM_k05_h2000,0.5,2000,45000,1234610.94,43.05,5825.3,299.63,389.41,285.84,72.55,63.16,9.39,45.886,900.25,19.432,10106.9,-599580.2,737.28,417.94,4.06,15.64,3
SIM_k05_h2000,0.5,2000,45000,1234611.19,43.30,5897.0,301.97,392.17,287.62,72.26,62.91,9.36,45.804,900.25,19.486,10233.6,-599559.7,742.19,420.24,4.13,15.85,3
SIM_k05_h2000,0.5,2000,45000,1234611.44,43.55,5969.2,304.32,394.95,289.39,71.97,62.66,9.32,45.722,900.25,19.537,10361.0,-599538.6,747.11,422.52,4.19,16.07,3
SIM_k05_h2000,0.5,2000,45000,1234611.69,43.80,6041.8,306.69,397.73,291.15,71.69,62.41,9.28,45.640,900.25,19.586,10489.3,-599516.7,752.03,424.81,4.26,16.28,3
SIM_k05_h2000,0.5,2000,45000,1234611.94,44.05,6114.8,309.06,400.54,292.92,71.40,62.16,9.24,45.558,900.25,19.633,10618.2,-599494.1,756.97,427.09,4.32,16.50,3
SIM_k05_h2000,0.5,2000,45000,1234612.19,44.30,6188.3,311.45,403.35,294.68,71.11,61.91,9.20,45.476,900.25,19.677,10748.0,-599470.8,761.92,429.36,4.38,16.72,3
SIM_k05_h2000,0.5,2000,45000,1234612.44,44.55,6262.3,313.85,406.18,296.45,70.83,61.66,9.16,45.394,900.25,19.720,10878.6,-599446.7,766.87,431.63,4.45,16.94,3
SIM_k05_h2000,0.5,2000,45000,1234612.69,44.80,6336.6,316.27,409.02,298.21,70.54,61.42,9.12,45.312,900.25,19.760,11009.9,-599421.8,771.83,433.90,4.51,17.16,3
SIM_k05_h2000,0.5,2000,45000,1234612.94,45.05,6411.5,318.70,411.88,299.96,70.26,61.17,9.09,45.230,900.25,19.799,11142.0,-599396.1,776.81,436.16,4.57,17.38,3
SIM_k05_h2000,0.5,2000,45000,1234613.19,45.30,6486.7,321.14,414.75,301.72,69.97,60.93,9.05,45.148,900.25,19.835,11274.8,-599369.6,781.79,438.42,4.64,17.60,3
SIM_k05_h2000,0.5,2000,45000,1234613.44,45.55,6562.4,323.59,417.63,303.48,69.69,60.68,9.01,45.066,900.25,19.869,11408.5,-599342.3,786.78,440.67,4.70,17.82,3
SIM_k05_h2000,0.5,2000,45000,1234613.69,45.80,6638.5,326.06,420.53,305.23,69.41,60.44,8.97,44.984,900.25,19.900,11542.9,-599314.1,791.78,442.92,4.76,18.04,3
SIM_k05_h2000,0.5,2000,45000,1234613.94,46.05,6715.1,328.54,423.44,306.98,69.13,60.20,8.93,44.902,900.25,19.930,11678.1,-599285.0,796.79,445.16,4.82,18.27,3
SIM_k05_h2000,0.5,2000,45000,1234614.19,46.30,6792.1,331.03,426.36,308.73,68.85,59.96,8.89,44.820,900.25,19.958,11814.0,-599255.1,801.80,447.40,4.88,18.49,3
SIM_k05_h2000,0.5,2000,45000,1234614.44,46.55,6869.6,333.54,429.30,310.47,68.57,59.71,8.85,44.738,900.25,19.983,11950.7,-599224.3,806.83,449.63,4.94,18.72,3
SIM_k05_h2000,0.5,2000,45000,1234614.69,46.80,6947.4,336.07,432.25,312.22,68.29,59.47,8.81,44.656,900.25,20.006,12088.2,-599192.6,811.87,451.86,5.00,18.94,3
SIM_k05_h2000,0.5,2000,45000,1234614.94,47.05,7025.8,338.60,435.22,313.96,68.01,59.23,8.77,44.574,900.25,20.027,12226.4,-599159.9,816.91,454.08,5.06,19.17,3
SIM_k05_h2000,0.5,2000,45000,1234615.19,47.30,7104.5,341.15,438.20,315.70,67.73,58.99,8.74,44.492,900.25,20.046,12365.4,-599126.3,821.97,456.30,5.12,19.40,3
SIM_k05_h2000,0.5,2000,45000,1234615.44,47.55,7183.7,343.72,441.20,317.44,67.45,58.75,8.70,44.410,900.25,20.063,12505.2,-599091.8,827.03,458.52,5.18,19.62,3
SIM_k05_h2000,0.5,2000,45000,1234615.69,47.80,7263.3,346.29,444.21,319.17,67.17,58.51,8.66,44.328,900.25,20.077,12645.7,-599056.2,832.11,460.73,5.24,19.85,3
SIM_k05_h2000,0.5,2000,45000,1234615.94,48.05,7343.4,348.89,447.23,320.91,66.90,58.27,8.62,44.246,900.25,20.090,12787.0,-599019.7,837.19,462.93,5.29,20.08,3
SIM_k05_h2000,0.5,2000,45000,1234616.19,48.30,7423.8,351.49,450.26,322.64,66.62,58.04,8.59,44.165,900.25,20.100,12929.1,-598982.1,842.28,465.13,5.35,20.31,3
SIM_k05_h2000,0.5,2000,45000,1234616.44,48.55,7504.8,354.12,453.32,324.37,66.35,57.80,8.55,44.083,900.25,20.109,13071.9,-598943.5,847.38,467.32,5.41,20.54,3
SIM_k05_h2000,0.5,2000,45000,1234616.69,48.80,7586.1,356.75,456.38,326.09,66.07,57.56,8.51,44.001,900.25,20.115,13215.5,-598903.8,852.49,469.51,5.46,20.77,3
SIM_k05_h2000,0.5,2000,45000,1234616.94,49.05,7667.9,359.40,459.46,327.82,65.80,57.32,8.47,43.919,900.25,20.119,13359.8,-598863.1,857.61,471.69,5.52,21.00,3
SIM_k05_h2000,0.5,2000,45000,1234617.19,49.30,7750.1,362.07,462.55,329.54,65.53,57.09,8.44,43.837,900.25,20.121,13504.9,-598821.2,862.74,473.87,5.58,21.23,3
SIM_k05_h2000,0.5,2000,45000,1234617.44,49.55,7832.8,364.75,465.66,331.26,65.25,56.85,8.40,43.755,900.25,20.121,13650.7,-598778.3,867.88,476.04,5.63,21.46,3
SIM_k05_h2000,0.5,2000,45000,1234617.69,49.80,7915.8,367.44,468.78,332.97,64.98,56.62,8.37,43.673,900.25,20.118,13797.3,-598734.2,873.03,478.21,5.69,21.70,3
SIM_k05_h2000,0.5,2000,45000,1234617.94,50.05,7999.3,370.15,471.92,334.69,64.71,56.38,8.33,43.591,900.25,20.114,13944.6,-598688.9,878.19,480.37,5.74,21.93,3
SIM_k05_h2000,0.5,2000,45000,1234618.19,50.30,8083.3,372.88,475.07,336.40,64.44,56.15,8.30,43.509,900.25,20.108,14092.7,-598642.5,883.36,482.53,5.79,22.16,3
SIM_k05_h2000,0.5,2000,45000,1234618.44,50.55,8167.6,375.62,478.24,338.11,64.18,55.91,8.26,43.427,900.25,20.099,14241.6,-598594.9,888.54,484.68,5.85,22.40,3
SIM_k05_h2000,0.5,2000,45000,1234618.69,50.80,8252.4,378.37,481.42,339.82,63.91,55.68,8.23,43.345,900.25,20.089,14391.2,-598546.0,893.73,486.82,5.90,22.63,3
SIM_k05_h2000,0.5,2000,45000,1234618.94,51.05,8337.6,381.15,484.61,341.52,63.64,55.45,8.19,43.263,900.25,20.076,14541.5,-598496.0,898.93,488.96,5.96,22.86,3
SIM_k05_h2000,0.5,2000,45000,1234619.19,51.30,8423.2,383.93,487.82,343.22,63.38,55.22,8.16,43.181,900.25,20.062,14692.6,-598444.6,904.14,491.10,6.01,23.10,3
SIM_k05_h2000,0.5,2000,45000,1234619.44,51.55,8509.3,386.73,491.05,344.92,63.11,54.98,8.13,43.099,900.25,20.045,14844.4,-598392.0,909.35,493.23,6.06,23.33,3
SIM_k05_h2000,0.5,2000,45000,1234619.69,51.80,8595.8,389.55,494.28,346.62,62.85,54.75,8.09,43.017,900.25,20.027,14997.0,-598338.1,914.58,495.35,6.11,23.57,3
SIM_k05_h2000,0.5,2000,45000,1234619.94,52.05,8682.7,392.39,497.54,348.31,62.58,54.52,8.06,42.935,900.25,20.006,15150.3,-598282.9,919.82,497.47,6.16,23.80,3
SIM_k05_h2000,0.5,2000,45000,1234620.19,52.30,8770.0,395.23,500.81,350.00,62.32,54.29,8.03,42.853,900.25,19.984,15304.4,-598226.3,925.07,499.58,6.22,24.04,3
SIM_k05_h2000,0.5,2000,45000,1234620.44,52.55,8857.8,398.10,504.09,351.69,62.06,54.06,8.00,42.771,900.25,19.959,15459.2,-598168.3,930.33,501.69,6.27,24.27,3
SIM_k05_h2000,0.5,2000,45000,1234620.69,52.80,8946.0,400.98,507.39,353.38,61.80,53.83,7.97,42.689,900.25,19.933,15614.7,-598109.0,935.59,503.79,6.32,24.51,3
SIM_k05_h2000,0.5,2000,45000,1234620.94,53.05,9034.6,403.88,510.70,355.06,61.54,53.60,7.94,42.607,900.25,19.904,15771.0,-598048.2,940.87,505.88,6.37,24.74,3
SIM_k05_h2000,0.5,2000,45000,1234621.19,53.30,9123.6,406.79,514.03,356.74,61.28,53.37,7.91,42.525,900.25,19.874,15928.0,-597986.0,946.16,507.97,6.42,24.98,3
SIM_k05_h2000,0.5,2000,45000,1234621.44,53.55,9213.0,409.72,517.37,358.42,61.02,53.14,7.88,42.443,900.25,19.842,16085.8,-597922.4,951.46,510.05,6.47,25.22,3
SIM_k05_h2000,0.5,2000,45000,1234621.69,53.80,9302.9,412.66,520.73,360.09,60.76,52.91,7.85,42.361,900.25,19.808,16244.3,-597857.3,956.77,512.13,6.52,25.45,3
SIM_k05_h2000,0.5,2000,45000,1234621.94,54.05,9393.1,415.63,524.10,361.76,60.51,52.68,7.82,42.279,900.25,19.772,16403.5,-597790.6,962.09,514.20,6.57,25.69,3
SIM_k05_h2000,0.5,2000,45000,1234622.19,54.30,9483.8,418.60,527.49,363.43,60.25,52.45,7.80,42.197,900.25,19.734,16563.5,-597722.5,967.42,516.27,6.62,25.93,3
SIM_k05_h2000,0.5,2000,45000,1234622.44,54.55,9574.9,421.60,530.90,365.10,60.00,52.23,7.77,42.115,900.25,19.694,16724.2,-597652.8,972.76,518.33,6.67,26.16,3
SIM_k05_h2000,0.5,2000,45000,1234622.69,54.80,9666.5,424.61,534.32,366.76,59.74,52.00,7.74,42.033,900.25,19.653,16885.6,-597581.5,978.11,520.38,6.72,26.40,3
SIM_k05_h2000,0.5,2000,45000,1234622.94,55.05,9758.4,427.64,537.75,368.42,59.49,51.77,7.72,41.951,900.25,19.609,17047.7,-597508.6,983.47,522.43,6.77,26.63,3
SIM_k05_h2000,0.5,2000,45000,1234623.19,55.30,9850.7,430.68,541.20,370.08,59.24,51.54,7.69,41.870,900.25,19.564,17210.6,-597434.0,988.84,524.47,6.81,26.87,3
SIM_k05_h2000,0.5,2000,45000,1234623.44,55.55,9943.5,433.74,544.67,371.73,58.98,51.32,7.67,41.788,900.25,19.517,17374.2,-597357.8,994.22,526.51,6.86,27.11,3
SIM_k05_h2000,0.5,2000,45000,1234623.69,55.80,10036.7,436.82,548.15,373.38,58.73,51.09,7.64,41.706,900.25,19.469,17538.6,-597280.0,999.61,528.54,6.91,27.34,3
SIM_k05_h2000,0.5,2000,45000,1234623.94,56.05,10130.3,439.91,551.64,375.03,58.48,50.87,7.62,41.624,900.25,19.418,17703.6,-597200.4,1005.01,530.56,6.96,27.58,3
SIM_k05_h2000,0.5,2000,45000,1234624.19,56.30,10224.3,443.03,555.16,376.67,58.24,50.64,7.60,41.542,900.25,19.366,17869.4,-597119.1,1010.43,532.58,7.01,27.81,3
SIM_k05_h2000,0.5,2000,45000,1234624.44,56.55,10318.7,446.16,558.68,378.31,57.99,50.41,7.57,41.460,900.25,19.312,18035.9,-597036.0,1015.85,534.59,7.05,28.05,3
SIM_k05_h2000,0.5,2000,45000,1234624.69,56.80,10413.5,449.30,562.23,379.95,57.74,50.19,7.55,41.378,900.25,19.257,18203.2,-596951.2,1021.29,536.60,7.10,28.28,3
SIM_k05_h2000,0.5,2000,45000,1234624.94,57.05,10508.8,452.47,565.79,381.58,57.49,49.96,7.53,41.296,900.25,19.200,18371.1,-596864.5,1026.73,538.60,7.15,28.52,3
SIM_k05_h2000,0.5,2000,45000,1234625.19,57.30,10604.4,455.65,569.36,383.21,57.25,49.74,7.51,41.214,900.25,19.141,18539.8,-596776.0,1032.19,540.59,7.19,28.75,3
SIM_k05_h2000,0.5,2000,45000,1234625.44,57.55,10700.5,458.84,572.95,384.84,57.01,49.52,7.49,41.132,900.25,19.080,18709.2,-596685.7,1037.66,542.58,7.24,28.99,3
SIM_k05_h2000,0.5,2000,45000,1234625.69,57.80,10796.9,462.06,576.56,386.47,56.76,49.29,7.47,41.050,900.25,19.018,18879.3,-596593.4,1043.14,544.56,7.29,29.22,3
SIM_k05_h2000,0.5,2000,45000,1234625.94,58.05,10893.8,465.29,580.19,388.09,56.52,49.07,7.45,40.968,900.25,18.955,19050.1,-596499.2,1048.62,546.54,7.33,29.46,3
SIM_k05_h2000,0.5,2000,45000,1234626.19,58.30,10991.0,468.54,583.83,389.70,56.28,48.85,7.43,40.886,900.25,18.890,19221.6,-596403.1,1054.12,548.51,7.38,29.69,3
SIM_k05_h2000,0.5,2000,45000,1234626.44,58.55,11088.7,471.81,587.48,391.32,56.04,48.62,7.41,40.804,900.25,18.823,19393.9,-596304.9,1059.64,550.47,7.43,29.92,3
SIM_k05_h2000,0.5,2000,45000,1234626.69,58.80,11186.8,475.10,591.15,392.93,55.80,48.40,7.40,40.722,900.25,18.755,19566.8,-596204.8,1065.16,552.43,7.47,30.16,3
SIM_k05_h2000,0.5,2000,45000,1234626.94,59.05,11285.2,478.40,594.84,394.54,55.56,48.18,7.38,40.640,900.25,18.685,19740.5,-596102.6,1070.69,554.38,7.52,30.39,3
SIM_k05_h2000,0.5,2000,45000,1234627.19,59.30,11384.1,481.72,598.55,396.14,55.32,47.96,7.36,40.558,900.25,18.614,19914.9,-595998.3,1076.24,556.33,7.56,30.62,3
SIM_k05_h2000,0.5,2000,45000,1234627.44,59.55,11483.4,485.06,602.27,397.74,55.08,47.73,7.35,40.476,900.25,18.541,20090.0,-595892.0,1081.79,558.27,7.61,30.85,3
SIM_k05_h2000,0.5,2000,45000,1234627.69,59.80,11583.1,488.42,606.01,399.34,54.85,47.51,7.33,40.394,900.25,18.467,20265.7,-595783.5,1087.36,560.20,7.66,31.09,3
SIM_k05_h2000,0.5,2000,45000,1234627.94,60.05,11683.1,491.80,609.76,400.93,54.61,47.29,7.32,40.312,900.25,18.392,20442.2,-595672.8,1092.94,562.12,7.70,31.32,3
SIM_k05_h2000,0.5,2000,45000,1234628.19,60.30,11783.6,495.19,613.53,402.52,54.38,47.07,7.31,40.230,900.25,18.315,20619.4,-595560.0,1098.53,564.04,7.75,31.55,3
SIM_k05_h2000,0.5,2000,45000,1234628.44,60.55,11884.5,498.60,617.32,404.10,54.14,46.85,7.29,40.148,900.25,18.237,20797.3,-595444.9,1104.13,565.96,7.79,31.78,3
SIM_k05_h2000,0.5,2000,45000,1234628.69,60.80,11985.7,502.03,621.12,405.68,53.91,46.63,7.28,40.066,900.25,18.157,20976.0,-595327.6,1109.74,567.87,7.84,32.01,3
SIM_k05_h2000,0.5,2000,45000,1234628.94,61.05,12087.4,505.48,624.94,407.26,53.68,46.41,7.27,39.984,900.25,18.076,21155.3,-595208.0,1115.37,569.77,7.88,32.23,3
SIM_k05_h2000,0.5,2000,45000,1234629.19,61.30,12189.4,508.95,628.78,408.83,53.45,46.19,7.26,39.902,900.25,17.994,21335.3,-595086.0,1121.00,571.66,7.93,32.46,3
SIM_k05_h2000,0.5,2000,45000,1234629.44,61.55,12291.9,512.43,632.64,410.40,53.21,45.97,7.25,39.820,900.25,17.911,21516.0,-594961.7,1126.65,573.55,7.97,32.69,3
SIM_k05_h2000,0.5,2000,45000,1234629.69,61.80,12394.7,515.94,636.51,411.97,52.99,45.75,7.24,39.738,900.25,17.826,21697.4,-594835.0,1132.31,575.43,8.02,32.92,3
SIM_k05_h2000,0.5,2000,45000,1234629.94,62.05,12498.0,519.46,640.40,413.53,52.76,45.53,7.23,39.656,900.25,17.740,21879.5,-594705.8,1137.98,577.31,8.06,33.15,3
SIM_k05_h2000,0.5,2000,45000,1234630.19,62.30,12601.6,523.00,644.30,415.09,52.53,45.31,7.22,39.575,900.25,17.653,22062.3,-594574.3,1143.66,579.18,8.11,33.37,3
SIM_k05_h2000,0.5,2000,45000,1234630.44,62.55,12705.6,526.56,648.22,416.64,52.30,45.09,7.21,39.493,900.25,17.565,22245.7,-594440.2,1149.35,581.04,8.15,33.60,3
SIM_k05_h2000,0.5,2000,45000,1234630.69,62.80,12810.0,530.14,652.16,418.19,52.08,44.87,7.20,39.411,900.25,17.476,22429.9,-594303.6,1155.06,582.90,8.20,33.82,3
SIM_k05_h2000,0.5,2000,45000,1234630.94,63.05,12914.7,533.74,656.12,419.73,51.85,44.66,7.19,39.329,900.25,17.386,22614.8,-594164.4,1160.78,584.75,8.24,34.05,3
SIM_k05_h2000,0.5,2000,45000,1234631.19,63.30,13019.9,537.36,660.10,421.28,51.63,44.44,7.19,39.247,900.25,17.294,22800.3,-594022.6,1166.51,586.59,8.29,34.27,3
SIM_k05_h2000,0.5,2000,45000,1234631.44,63.55,13125.5,540.99,664.09,422.81,51.40,44.22,7.18,39.165,900.25,17.202,22986.6,-593878.2,1172.25,588.43,8.33,34.49,3
SIM_k05_h2000,0.5,2000,45000,1234631.69,63.80,13231.4,544.65,668.10,424.34,51.18,44.00,7.18,39.083,900.25,17.108,23173.5,-593731.1,1178.00,590.26,8.38,34.71,3
SIM_k05_h2000,0.5,2000,45000,1234631.94,64.05,13337.7,548.32,672.12,425.87,50.96,43.79,7.17,39.001,900.25,17.014,23361.1,-593581.3,1183.77,592.09,8.42,34.93,3
SIM_k05_h2000,0.5,2000,45000,1234632.19,64.30,13444.4,552.02,676.17,427.40,50.74,43.57,7.17,38.919,900.25,16.918,23549.4,-593428.7,1189.55,593.91,8.47,35.16,3
SIM_k05_h2000,0.5,2000,45000,1234632.44,64.55,13551.5,555.73,680.23,428.92,50.52,43.35,7.16,38.837,900.25,16.822,23738.4,-593273.4,1195.34,595.72,8.51,35.38,3
SIM_k05_h2000,0.5,2000,45000,1234632.69,64.80,13658.9,559.46,684.31,430.43,50.30,43.14,7.16,38.755,900.25,16.725,23928.1,-593115.2,1201.14,597.53,8.56,35.59,3
SIM_k05_h2000,0.5,2000,45000,1234632.94,65.05,13766.8,563.21,688.41,431.94,50.08,42.92,7.16,38.673,900.25,16.626,24118.4,-592954.2,1206.96,599.33,8.61,35.81,3
SIM_k05_h2000,0.5,2000,45000,1234633.19,65.30,13875.0,566.98,692.52,433.45,49.86,42.70,7.16,38.591,900.25,16.527,24309.4,-592790.2,1212.78,601.12,8.65,36.03,3
SIM_k05_h2000,0.5,2000,45000,1234633.44,65.55,13983.6,570.77,696.65,434.95,49.64,42.49,7.16,38.509,900.25,16.427,24501.1,-592623.3,1218.62,602.91,8.70,36.25,3
SIM_k05_h2000,0.5,2000,45000,1234633.69,65.80,14092.5,574.58,700.81,436.45,49.43,42.27,7.16,38.427,900.25,16.327,24693.5,-592453.5,1224.47,604.69,8.74,36.46,3
SIM_k05_h2000,0.5,2000,45000,1234633.94,66.05,14201.9,578.41,704.97,437.94,49.21,42.06,7.16,38.345,900.25,16.225,24886.6,-592280.6,1230.34,606.46,8.79,36.68,3
SIM_k05_h2000,0.5,2000,45000,1234634.19,66.30,14311.6,582.26,709.16,439.43,49.00,41.84,7.16,38.263,900.25,16.123,25080.3,-592104.6,1236.21,608.23,8.83,36.89,3
SIM_k05_h2000,0.5,2000,45000,1234634.44,66.55,14421.7,586.13,713.37,440.91,48.78,41.63,7.16,38.181,900.25,16.020,25274.7,-591925.5,1242.10,609.99,8.88,37.10,3
SIM_k05_h2000,0.5,2000,45000,1234634.69,66.80,14532.1,590.02,717.59,442.39,48.57,41.41,7.16,38.099,900.25,15.916,25469.8,-591743.3,1248.01,611.75,8.92,37.32,3
SIM_k05_h2000,0.5,2000,45000,1234634.94,67.05,14642.9,593.93,721.83,443.86,48.36,41.20,7.16,38.017,900.25,15.812,25665.5,-591557.9,1253.92,613.50,8.97,37.53,3
SIM_k05_h2000,0.5,2000,45000,1234635.19,67.30,14754.1,597.85,726.09,445.33,48.15,40.98,7.16,37.935,900.25,15.706,25862.0,-591369.2,1259.85,615.24,9.02,37.74,3
SIM_k05_h2000,0.5,2000,45000,1234635.44,67.55,14865.7,601.80,730.37,446.79,47.94,40.77,7.17,37.853,900.25,15.601,26059.0,-591177.3,1265.79,616.98,9.06,37.95,3
SIM_k05_h2000,0.5,2000,45000,1234635.69,67.80,14977.6,605.77,734.66,448.25,47.73,40.56,7.17,37.771,900.25,15.494,26256.8,-590982.1,1271.74,618.71,9.11,38.16,3
SIM_k05_h2000,0.5,2000,45000,1234635.94,68.05,15089.9,609.76,738.98,449.71,47.52,40.34,7.18,37.689,900.25,15.387,26455.2,-590783.4,1277.71,620.43,9.16,38.36,3
SIM_k05_h2000,0.5,2000,45000,1234636.19,68.30,15202.5,613.77,743.31,451.15,47.31,40.13,7.18,37.607,900.25,15.280,26654.3,-590581.4,1283.69,622.15,9.20,38.57,3
SIM_k05_h2000,0.5,2000,45000,1234636.44,68.55,15315.5,617.80,747.66,452.60,47.10,39.92,7.19,37.525,900.25,15.172,26854.1,-590375.9,1289.68,623.86,9.25,38.78,3
SIM_k05_h2000,0.5,2000,45000,1234636.69,68.80,15428.9,621.85,752.03,454.04,46.90,39.70,7.19,37.443,900.25,15.063,27054.5,-590166.9,1295.69,625.56,9.30,38.98,3
SIM_k05_h2000,0.5,2000,45000,1234636.94,69.05,15542.6,625.91,756.42,455.47,46.69,39.49,7.20,37.361,900.25,14.954,27255.6,-589954.3,1301.71,627.26,9.35,39.18,3
SIM_k05_h2000,0.5,2000,45000,1234637.19,69.30,15656.7,630.00,760.83,456.90,46.49,39.28,7.21,37.280,900.25,14.845,27457.3,-589738.2,1307.74,628.95,9.39,39.39,3
SIM_k05_h2000,0.5,2000,45000,1234637.44,69.55,15771.1,634.11,765.26,458.32,46.28,39.07,7.22,37.198,900.25,14.735,27659.7,-589518.4,1313.78,630.64,9.44,39.59,3
SIM_k05_h2000,0.5,2000,45000,1234637.69,69.80,15885.9,638.25,769.70,459.74,46.08,38.86,7.22,37.116,900.25,14.625,27862.8,-589294.9,1319.84,632.32,9.49,39.79,3
SIM_k05_h2000,0.5,2000,45000,1234637.94,70.05,16001.1,642.40,774.16,461.15,45.88,38.64,7.23,37.034,900.25,14.514,28066.5,-589067.7,1325.91,633.99,9.54,39.99,3
SIM_k05_h2000,0.5,2000,45000,1234638.19,70.30,16116.6,646.57,778.65,462.56,45.68,38.43,7.24,36.952,900.25,14.403,28270.9,-588836.6,1332.00,635.66,9.59,40.19,3
SIM_k05_h2000,0.5,2000,45000,1234638.44,70.55,16232.4,650.76,783.15,463.96,45.48,38.22,7.25,36.870,900.25,14.292,28476.0,-588601.7,1338.10,637.32,9.63,40.38,3
SIM_k05_h2000,0.5,2000,45000,1234638.69,70.80,16348.6,654.97,787.67,465.36,45.28,38.01,7.26,36.788,900.25,14.180,28681.7,-588363.0,1344.21,638.97,9.68,40.58,3
SIM_k05_h2000,0.5,2000,45000,1234638.94,71.05,16465.2,659.21,792.21,466.75,45.08,37.80,7.28,36.706,900.25,14.068,28888.1,-588120.2,1350.34,640.62,9.73,40.77,3
SIM_k05_h2000,0.5,2000,45000,1234639.19,71.30,16582.0,663.46,796.77,468.13,44.88,37.59,7.29,36.624,900.25,13.956,29095.1,-587873.5,1356.48,642.26,9.78,40.97,3
SIM_k05_h2000,0.5,2000,45000,1234639.44,71.55,16699.3,667.74,801.35,469.51,44.68,37.38,7.30,36.542,900.25,13.844,29302.7,-587622.7,1362.63,643.89,9.83,41.16,3
SIM_k05_h2000,0.5,2000,45000,1234639.69,71.80,16816.9,672.04,805.95,470.89,44.48,37.17,7.31,36.460,900.25,13.731,29511.1,-587367.8,1368.80,645.52,9.88,41.35,3
SIM_k05_h2000,0.5,2000,45000,1234639.94,72.05,16934.8,676.35,810.57,472.25,44.29,36.96,7.33,36.378,900.25,13.618,29720.0,-587108.8,1374.98,647.15,9.93,41.54,3
SIM_k05_h2000,0.5,2000,45000,1234640.19,72.30,17053.1,680.69,815.20,473.62,44.09,36.75,7.34,36.296,900.25,13.505,29929.7,-586845.6,1381.17,648.76,9.98,41.73,3
SIM_k05_h2000,0.5,2000,45000,1234640.44,72.55,17171.7,685.05,819.86,474.97,43.89,36.54,7.35,36.214,900.25,13.392,30140.0,-586578.0,1387.38,650.37,10.03,41.92,3
SIM_k05_h2000,0.5,2000,45000,1234640.69,72.80,17290.6,689.43,824.53,476.32,43.70,36.33,7.37,36.132,900.25,13.279,30350.9,-586306.2,1393.60,651.97,10.09,42.11,3
SIM_k05_h2000,0.5,2000,45000,1234640.94,73.05,17409.9,693.84,829.23,477.67,43.51,36.12,7.38,36.050,900.25,13.166,30562.5,-586030.0,1399.84,653.57,10.14,42.30,3
SIM_k05_h2000,0.5,2000,45000,1234641.19,73.30,17529.5,698.26,833.95,479.01,43.31,35.91,7.40,35.968,900.25,13.052,30774.7,-585749.3,1406.09,655.16,10.19,42.48,3
SIM_k05_h2000,0.5,2000,45000,1234641.44,73.55,17649.5,702.71,838.68,480.34,43.12,35.71,7.42,35.886,900.25,12.939,30987.6,-585464.1,1412.36,656.75,10.24,42.67,3
SIM_k05_h2000,0.5,2000,45000,1234641.69,73.80,17769.8,707.17,843.44,481.67,42.93,35.50,7.43,35.804,900.25,12.825,31201.2,-585174.4,1418.64,658.32,10.29,42.85,3
SIM_k05_h2000,0.5,2000,45000,1234641.94,74.05,17890.4,711.66,848.21,482.99,42.74,35.29,7.45,35.722,900.25,12.712,31415.4,-584880.1,1424.93,659.90,10.35,43.03,3
SIM_k05_h2000,0.5,2000,45000,1234642.19,74.30,18011.3,716.17,853.00,484.30,42.55,35.08,7.47,35.640,900.25,12.598,31630.2,-584581.1,1431.24,661.46,10.40,43.21,3
SIM_k05_h2000,0.5,2000,45000,1234642.44,74.55,18132.6,720.70,857.82,485.61,42.36,34.87,7.49,35.558,900.25,12.485,31845.7,-584277.4,1437.57,663.02,10.45,43.39,3
SIM_k05_h2000,0.5,2000,45000,1234642.69,74.80,18254.2,725.25,862.65,486.92,42.17,34.67,7.51,35.476,900.25,12.372,32061.9,-583968.8,1443.91,664.58,10.51,43.57,3
SIM_k05_h2000,0.5,2000,45000,1234642.94,75.05,18376.1,729.83,867.51,488.21,41.99,34.46,7.53,35.394,900.25,12.258,32278.7,-583655.4,1450.26,666.12,10.56,43.74,3
SIM_k05_h2000,0.5,2000,45000,1234643.19,75.30,18498.4,734.42,872.38,489.50,41.80,34.25,7.55,35.312,900.25,12.145,32496.1,-583337.1,1456.63,667.66,10.62,43.92,3
SIM_k05_h2000,0.5,2000,45000,1234643.44,75.55,18620.9,739.04,877.28,490.79,41.61,34.05,7.57,35.230,900.25,12.032,32714.2,-583013.8,1463.01,669.20,10.67,44.09,3
SIM_k05_h2000,0.5,2000,45000,1234643.69,75.80,18743.8,743.68,882.19,492.06,41.43,33.84,7.59,35.148,900.25,11.919,32933.0,-582685.5,1469.41,670.73,10.73,44.27,3
SIM_k05_h2000,0.5,2000,45000,1234643.94,76.05,18867.0,748.34,887.13,493.33,41.24,33.63,7.61,35.066,900.25,11.806,33152.4,-582352.0,1475.82,672.25,10.79,44.44,3
SIM_k05_h2000,0.5,2000,45000,1234644.19,76.30,18990.5,753.03,892.09,494.60,41.06,33.43,7.63,34.985,900.25,11.694,33372.4,-582013.3,1482.24,673.76,10.84,44.61,3
SIM_k05_h2000,0.5,2000,45000,1234644.44,76.55,19114.4,757.73,897.06,495.86,40.87,33.22,7.65,34.903,900.25,11.582,33593.1,-581669.4,1488.69,675.27,10.90,44.78,3
SIM_k05_h2000,0.5,2000,45000,1234644.69,76.80,19238.5,762.46,902.06,497.11,40.69,33.02,7.68,34.821,900.25,11.469,33814.5,-581320.2,1495.14,676.78,10.96,44.95,3
SIM_k05_h2000,0.5,2000,45000,1234644.94,77.05,19363.0,767.21,907.08,498.35,40.51,32.81,7.70,34.739,900.25,11.357,34036.5,-580965.6,1501.62,678.28,11.02,45.12,3
SIM_k05_h2000,0.5,2000,45000,1234645.19,77.30,19487.8,771.98,912.11,499.59,40.33,32.60,7.72,34.657,900.25,11.246,34259.1,-580605.6,1508.11,679.77,11.07,45.28,3
SIM_k05_h2000,0.5,2000,45000,1234645.44,77.55,19612.9,776.77,917.17,500.82,40.15,32.40,7.75,34.575,900.25,11.134,34482.5,-580240.0,1514.61,681.25,11.13,45.45,3
SIM_k05_h2000,0.5,2000,45000,1234645.69,77.80,19738.2,781.59,922.25,502.05,39.97,32.20,7.77,34.493,900.25,11.023,34706.4,-579868.8,1521.13,682.73,11.19,45.61,3
SIM_k05_h2000,0.5,2000,45000,1234645.94,78.05,19863.9,786.43,927.35,503.26,39.79,31.99,7.80,34.411,900.25,10.913,34931.0,-579491.9,1527.66,684.20,11.25,45.77,3
SIM_k05_h2000,0.5,2000,45000,1234646.19,78.30,19989.9,791.29,932.47,504.47,39.61,31.79,7.82,34.329,900.25,10.802,35156.3,-579109.3,1534.21,685.67,11.31,45.94,3
SIM_k05_h2000,0.5,2000,45000,1234646.44,78.55,20116.2,796.17,937.62,505.68,39.43,31.58,7.85,34.247,900.25,10.692,35382.3,-578720.9,1540.78,687.13,11.38,46.10,3
SIM_k05_h2000,0.5,2000,45000,1234646.69,78.80,20242.8,801.08,942.78,506.88,39.25,31.38,7.87,34.165,900.25,10.582,35608.9,-578326.6,1547.36,688.59,11.44,46.25,3
SIM_k05_h2000,0.5,2000,45000,1234646.94,79.05,20369.7,806.01,947.96,508.06,39.08,31.18,7.90,34.083,900.25,10.473,35836.1,-577926.3,1553.95,690.03,11.50,46.41,3
SIM_k05_h2000,0.5,2000,45000,1234647.19,79.30,20496.9,810.96,953.17,509.25,38.90,30.97,7.93,34.001,900.25,10.364,36064.0,-577520.0,1560.57,691.48,11.56,46.57,3
SIM_k05_h2000,0.5,2000,45000,1234647.44,79.55,20624.4,815.93,958.40,510.42,38.72,30.77,7.96,33.919,900.25,10.255,36292.6,-577107.5,1567.20,692.91,11.63,46.72,3
SIM_k05_h2000,0.5,2000,45000,1234647.69,79.80,20752.2,820.93,963.64,511.59,38.55,30.57,7.98,33.837,900.25,10.147,36521.8,-576688.8,1573.84,694.34,11.69,46.88,3
SIM_k05_h2000,0.5,2000,45000,1234647.94,80.05,20880.3,825.95,968.91,512.75,38.37,30.36,8.01,33.755,900.25,10.039,36751.7,-576263.9,1580.50,695.77,11.76,47.03,3
SIM_k05_h2000,0.5,2000,45000,1234648.19,80.30,21008.6,830.99,974.20,513.91,38.20,30.16,8.04,33.673,900.25,9.932,36982.3,-575832.6,1587.18,697.19,11.82,47.18,3
SIM_k05_h2000,0.5,2000,45000,1234648.44,80.55,21137.3,836.06,979.51,515.05,38.03,29.96,8.07,33.591,900.25,9.825,37213.6,-575394.8,1593.87,698.60,11.89,47.33,2
SIM_k05_h2000,0.5,2000,45000,1234648.69,80.80,21266.2,841.14,984.85,516.19,37.86,29.76,8.10,33.509,900.25,9.718,37445.5,-574950.5,1600.58,700.00,11.95,47.48,2
SIM_k05_h2000,0.5,2000,45000,1234648.94,81.05,21395.4,846.26,990.20,517.33,37.68,29.56,8.13,33.427,900.25,9.613,37678.1,-574499.6,1607.31,701.40,12.02,47.63,2
SIM_k05_h2000,0.5,2000,45000,1234649.19,81.30,21524.9,851.39,995.58,518.45,37.51,29.35,8.16,33.345,900.25,9.507,37911.3,-574041.9,1614.05,702.80,12.09,47.77,2
SIM_k05_h2000,0.5,2000,45000,1234649.44,81.55,21654.7,856.55,1000.98,519.57,37.34,29.15,8.19,33.263,900.25,9.402,38145.3,-573577.5,1620.81,704.19,12.16,47.92,2
SIM_k05_h2000,0.5,2000,45000,1234649.69,81.80,21784.8,861.73,1006.40,520.68,37.17,28.95,8.22,33.181,900.25,9.298,38379.9,-573106.2,1627.59,705.57,12.23,48.06,2
SIM_k05_h2000,0.5,2000,45000,1234649.94,82.05,21915.1,866.93,1011.84,521.78,37.00,28.75,8.25,33.099,900.25,9.194,38615.2,-572627.9,1634.38,706.95,12.30,48.21,2
SIM_k05_h2000,0.5,2000,45000,1234650.19,82.30,22045.7,872.16,1017.30,522.88,36.84,28.55,8.29,33.017,900.25,9.091,38851.2,-572142.6,1641.19,708.32,12.37,48.35,2
SIM_k05_h2000,0.5,2000,45000,1234650.44,82.55,22176.6,877.41,1022.79,523.96,36.67,28.35,8.32,32.935,900.25,8.988,39087.9,-571650.1,1648.02,709.68,12.44,48.49,2
SIM_k05_h2000,0.5,2000,45000,1234650.69,82.80,22307.8,882.68,1028.29,525.04,36.50,28.15,8.35,32.853,900.25,8.886,39325.3,-571150.3,1654.86,711.04,12.51,48.63,2
SIM_k05_h2000,0.5,2000,45000,1234650.94,83.05,22439.2,887.98,1033.82,526.11,36.33,27.95,8.38,32.771,900.25,8.784,39563.3,-570643.2,1661.72,712.39,12.59,48.77,2
SIM_k05_h2000,0.5,2000,45000,1234651.19,83.30,22570.9,893.30,1039.37,527.18,36.17,27.75,8.42,32.690,900.25,8.683,39802.1,-570128.7,1668.60,713.74,12.66,48.90,2
SIM_k05_h2000,0.5,2000,45000,1234651.44,83.55,22702.8,898.64,1044.95,528.23,36.00,27.55,8.45,32.608,900.25,8.583,40041.6,-569606.6,1675.50,715.08,12.73,49.04,2
SIM_k05_h2000,0.5,2000,45000,1234651.69,83.80,22835.0,904.01,1050.54,529.28,35.84,27.35,8.48,32.526,900.25,8.483,40281.8,-569076.9,1682.41,716.41,12.81,49.17,2
SIM_k05_h2000,0.5,2000,45000,1234651.94,84.05,22967.5,909.40,1056.16,530.32,35.67,27.15,8.52,32.444,900.25,8.384,40522.7,-568539.4,1689.34,717.74,12.89,49.31,2
SIM_k05_h2000,0.5,2000,45000,1234652.19,84.30,23100.2,914.82,1061.80,531.35,35.51,26.95,8.55,32.362,900.25,8.285,40764.3,-567994.2,1696.29,719.07,12.96,49.44,2
SIM_k05_h2000,0.5,2000,45000,1234652.44,84.55,23233.2,920.26,1067.46,532.38,35.35,26.76,8.59,32.280,900.25,8.187,41006.6,-567440.9,1703.25,720.38,13.04,49.57,2
SIM_k05_h2000,0.5,2000,45000,1234652.69,84.80,23366.5,925.72,1073.15,533.39,35.18,26.56,8.62,32.198,900.25,8.090,41249.6,-566879.7,1710.23,721.69,13.12,49.70,2
SIM_k05_h2000,0.5,2000,45000,1234652.94,85.05,23500.0,931.21,1078.86,534.40,35.02,26.36,8.66,32.116,900.25,7.993,41493.4,-566310.2,1717.23,723.00,13.20,49.83,2
SIM_k05_h2000,0.5,2000,45000,1234653.19,85.30,23633.7,936.72,1084.59,535.40,34.86,26.16,8.70,32.034,900.25,7.897,41737.9,-565732.5,1724.25,724.30,13.28,49.95,2
SIM_k05_h2000,0.5,2000,45000,1234653.44,85.55,23767.7,942.25,1090.34,536.39,34.70,25.97,8.73,31.952,900.25,7.802,41983.2,-565146.5,1731.29,725.59,13.36,50.08,2
SIM_k05_h2000,0.5,2000,45000,1234653.69,85.80,23902.0,947.81,1096.12,537.37,34.54,25.77,8.77,31.870,900.25,7.707,42229.2,-564551.9,1738.34,726.88,13.44,50.21,2
SIM_k05_h2000,0.5,2000,45000,1234653.94,86.05,24036.5,953.40,1101.92,538.35,34.38,25.57,8.81,31.788,900.25,7.613,42475.9,-563948.8,1745.42,728.16,13.53,50.33,2
SIM_k05_h2000,0.5,2000,45000,1234654.19,86.30,24171.2,959.00,1107.74,539.32,34.22,25.37,8.85,31.706,900.25,7.520,42723.4,-563336.9,1752.51,729.44,13.61,50.45,2
SIM_k05_h2000,0.5,2000,45000,1234654.44,86.55,24306.2,964.64,1113.58,540.27,34.06,25.18,8.88,31.624,900.25,7.427,42971.7,-562716.3,1759.62,730.71,13.70,50.57,2
SIM_k05_h2000,0.5,2000,45000,1234654.69,86.80,24441.4,970.29,1119.45,541.22,33.90,24.98,8.92,31.542,900.25,7.335,43220.8,-562086.7,1766.75,731.98,13.78,50.69,2
SIM_k05_h2000,0.5,2000,45000,1234654.94,87.05,24576.8,975.97,1125.34,542.17,33.75,24.79,8.96,31.460,900.25,7.244,43470.6,-561448.0,1773.89,733.24,13.87,50.81,2
SIM_k05_h2000,0.5,2000,45000,1234655.19,87.30,24712.5,981.68,1131.26,543.10,33.59,24.59,9.00,31.378,900.25,7.154,43721.2,-560800.1,1781.06,734.49,13.96,50.93,2
SIM_k05_h2000,0.5,2000,45000,1234655.44,87.55,24848.4,987.41,1137.19,544.02,33.43,24.40,9.04,31.296,900.25,7.064,43972.6,-560142.9,1788.24,735.74,14.05,51.05,2
SIM_k05_h2000,0.5,2000,45000,1234655.69,87.80,24984.6,993.16,1143.15,544.94,33.28,24.20,9.08,31.214,900.25,6.975,44224.7,-559476.3,1795.44,736.98,14.13,51.17,2
SIM_k05_h2000,0.5,2000,45000,1234655.94,88.05,25120.9,998.94,1149.14,545.85,33.12,24.00,9.12,31.132,900.25,6.886,44477.7,-558800.1,1802.67,738.22,14.23,51.28,2
SIM_k05_h2000,0.5,2000,45000,1234656.19,88.30,25257.5,1004.74,1155.14,546.74,32.97,23.81,9.16,31.050,900.25,6.799,44731.5,-558114.3,1809.91,739.45,14.32,51.39,2
SIM_k05_h2000,0.5,2000,45000,1234656.44,88.55,25394.4,1010.57,1161.18,547.63,32.81,23.62,9.20,30.968,900.25,6.712,44986.2,-557418.6,1817.17,740.68,14.41,51.51,2
SIM_k05_h2000,0.5,2000,45000,1234656.69,88.80,25531.4,1016.43,1167.23,548.52,32.66,23.42,9.24,30.886,900.25,6.626,45241.6,-556712.9,1824.44,741.90,14.50,51.62,2
SIM_k05_h2000,0.5,2000,45000,1234656.94,89.05,25668.7,1022.31,1173.31,549.39,32.51,23.23,9.28,30.804,900.25,6.540,45497.9,-555997.2,1831.74,743.11,14.60,51.73,2
SIM_k05_h2000,0.5,2000,45000,1234657.19,89.30,25806.1,1028.21,1179.41,550.25,32.35,23.03,9.32,30.722,900.25,6.456,45755.1,-555271.2,1839.06,744.32,14.70,51.84,2
SIM_k05_h2000,0.5,2000,45000,1234657.44,89.55,25943.8,1034.14,1185.54,551.11,32.20,22.84,9.36,30.640,900.25,6.372,46013.1,-554534.9,1846.40,745.52,14.79,51.95,2
SIM_k05_h2000,0.5,2000,45000,1234657.69,89.80,26081.7,1040.09,1191.69,551.95,32.05,22.65,9.40,30.558,900.25,6.288,46272.0,-553788.0,1853.76,746.72,14.89,52.05,2
SIM_k05_h2000,0.5,2000,45000,1234657.94,90.05,26219.8,1046.07,1197.86,552.79,31.90,22.45,9.45,30.476,900.25,6.206,46531.7,-553030.5,1861.13,747.91,14.99,52.16,2
SIM_k05_h2000,0.5,2000,45000,1234658.19,90.30,26358.2,1052.08,1204.06,553.62,31.75,22.26,9.49,30.395,900.25,6.124,46792.4,-552262.2,1868.53,749.10,15.09,52.26,2
SIM_k05_h2000,0.5,2000,45000,1234658.44,90.55,26496.7,1058.11,1210.28,554.43,31.60,22.07,9.53,30.313,900.25,6.043,47053.9,-551483.0,1875.95,750.28,15.19,52.37,2
SIM_k05_h2000,0.5,2000,45000,1234658.69,90.80,26635.4,1064.16,1216.53,555.24,31.45,21.88,9.57,30.231,900.25,5.963,47316.4,-550692.6,1883.38,751.45,15.30,52.47,2
SIM_k05_h2000,0.5,2000,45000,1234658.94,91.05,26774.4,1070.24,1222.80,556.04,31.30,21.69,9.62,30.149,900.25,5.884,47579.8,-549891.0,1890.84,752.62,15.40,52.57,2
SIM_k05_h2000,0.5,2000,45000,1234659.19,91.30,26913.5,1076.35,1229.09,556.84,31.15,21.49,9.66,30.067,900.25,5.805,47844.2,-549077.9,1898.32,753.79,15.51,52.67,2
SIM_k05_h2000,0.5,2000,45000,1234659.44,91.55,27052.8,1082.48,1235.41,557.62,31.01,21.30,9.70,29.985,900.25,5.727,48109.5,-548253.3,1905.81,754.95,15.61,52.77,2
SIM_k05_h2000,0.5,2000,45000,1234659.69,91.80,27192.3,1088.64,1241.75,558.39,30.86,21.11,9.75,29.903,900.25,5.650,48375.7,-547417.0,1913.33,756.10,15.72,52.87,2
SIM_k05_h2000,0.5,2000,45000,1234659.94,92.05,27332.0,1094.82,1248.12,559.15,30.71,20.92,9.79,29.821,900.25,5.573,48643.0,-546568.7,1920.87,757.25,15.83,52.97,2
SIM_k05_h2000,0.5,2000,45000,1234660.19,92.30,27471.9,1101.03,1254.52,559.91,30.57,20.73,9.84,29.739,900.25,5.498,48911.2,-545708.4,1928.43,758.39,15.94,53.07,2
SIM_k05_h2000,0.5,2000,45000,1234660.44,92.55,27612.0,1107.27,1260.93,560.65,30.42,20.54,9.88,29.657,900.25,5.423,49180.4,-544835.9,1936.01,759.53,16.06,53.16,2
SIM_k05_h2000,0.5,2000,45000,1234660.69,92.80,27752.3,1113.53,1267.38,561.39,30.28,20.35,9.92,29.575,900.25,5.349,49450.7,-543950.9,1943.61,760.66,16.17,53.26,2
SIM_k05_h2000,0.5,2000,45000,1234660.94,93.05,27892.8,1119.82,1273.84,562.11,30.13,20.16,9.97,29.493,900.25,5.275,49722.0,-543053.4,1951.24,761.79,16.28,53.35,2
SIM_k05_h2000,0.5,2000,45000,1234661.19,93.30,28033.4,1126.13,1280.34,562.83,29.99,19.97,10.01,29.411,900.25,5.203,49994.4,-542143.0,1958.88,762.91,16.40,53.44,2
SIM_k05_h2000,0.5,2000,45000,1234661.44,93.55,28174.2,1132.47,1286.85,563.54,29.84,19.78,10.06,29.329,900.25,5.131,50267.9,-541219.8,1966.55,764.02,16.52,53.54,2
SIM_k05_h2000,0.5,2000,45000,1234661.69,93.80,28315.2,1138.84,1293.40,564.24,29.70,19.59,10.11,29.247,900.25,5.060,50542.4,-540283.4,1974.23,765.13,16.64,53.63,2
SIM_k05_h2000,0.5,2000,45000,1234661.94,94.05,28456.4,1145.23,1299.97,564.92,29.56,19.41,10.15,29.165,900.25,4.989,50818.1,-539333.7,1981.94,766.24,16.76,53.72,2
SIM_k05_h2000,0.5,2000,45000,1234662.19,94.30,28597.7,1151.65,1306.56,565.60,29.41,19.22,10.20,29.083,900.25,4.920,51094.9,-538370.4,1989.67,767.34,16.88,53.81,2
SIM_k05_h2000,0.5,2000,45000,1234662.44,94.55,28739.2,1158.10,1313.18,566.27,29.27,19.03,10.24,29.001,900.25,4.851,51372.8,-537393.5,1997.42,768.43,17.00,53.89,2
SIM_k05_h2000,0.5,2000,45000,1234662.69,94.80,28880.9,1164.57,1319.82,566.93,29.13,18.84,10.29,28.919,900.25,4.782,51652.0,-536402.6,2005.20,769.52,17.12,53.98,2
SIM_k05_h2000,0.5,2000,45000,1234662.94,95.05,29022.7,1171.07,1326.49,567.58,28.99,18.65,10.34,28.837,900.25,4.715,51932.3,-535397.6,2012.99,770.60,17.25,54.07,2
SIM_k05_h2000,0.5,2000,45000,1234663.19,95.30,29164.7,1177.60,1333.19,568.22,28.85,18.47,10.38,28.755,900.25,4.648,52213.8,-534378.4,2020.81,771.68,17.38,54.15,2
SIM_k05_h2000,0.5,2000,45000,1234663.44,95.55,29306.8,1184.15,1339.91,568.85,28.71,18.28,10.43,28.673,900.25,4.582,52496.6,-533344.5,2028.65,772.75,17.51,54.24,2
SIM_k05_h2000,0.5,2000,45000,1234663.69,95.80,29449.1,1190.73,1346.66,569.47,28.57,18.09,10.48,28.591,900.25,4.517,52780.7,-532296.0,2036.51,773.82,17.64,54.32,2
SIM_k05_h2000,0.5,2000,45000,1234663.94,96.05,29591.6,1197.34,1353.43,570.08,28.43,17.91,10.53,28.509,900.25,4.453,53066.0,-531232.5,2044.40,774.89,17.77,54.40,2
SIM_k05_h2000,0.5,2000,45000,1234664.19,96.30,29734.2,1203.97,1360.23,570.68,28.29,17.72,10.57,28.427,900.25,4.389,53352.6,-530153.8,2052.31,775.94,17.90,54.49,2
SIM_k05_h2000,0.5,2000,45000,1234664.44,96.55,29877.0,1210.64,1367.06,571.27,28.16,17.53,10.62,28.345,900.25,4.326,53640.6,-529059.7,2060.24,776.99,18.04,54.57,2
SIM_k05_h2000,0.5,2000,45000,1234664.69,96.80,30019.9,1217.33,1373.91,571.85,28.02,17.35,10.67,28.263,900.25,4.264,53930.0,-527949.9,2068.19,778.04,18.18,54.65,2
SIM_k05_h2000,0.5,2000,45000,1234664.94,97.05,30162.9,1224.04,1380.79,572.42,27.88,17.16,10.72,28.181,900.25,4.202,54220.8,-526824.3,2076.17,779.08,18.32,54.73,2
SIM_k05_h2000,0.5,2000,45000,1234665.19,97.30,30306.1,1230.79,1387.70,572.98,27.75,16.98,10.77,28.100,900.25,4.141,54513.0,-525682.6,2084.17,780.12,18.46,54.80,2
SIM_k05_h2000,0.5,2000,45000,1234665.44,97.55,30449.4,1237.56,1394.63,573.53,27.61,16.79,10.81,28.018,900.25,4.081,54806.6,-524524.6,2092.19,781.15,18.60,54.88,2
SIM_k05_h2000,0.5,2000,45000,1234665.69,97.80,30592.9,1244.36,1401.59,574.07,27.47,16.61,10.86,27.936,900.25,4.022,55101.8,-523349.9,2100.24,782.18,18.74,54.96,2
SIM_k05_h2000,0.5,2000,45000,1234665.94,98.05,30736.5,1251.19,1408.57,574.60,27.34,16.43,10.91,27.854,900.25,3.963,55398.4,-522158.4,2108.31,783.20,18.89,55.03,2
SIM_k05_h2000,0.5,2000,45000,1234666.19,98.30,30880.2,1258.05,1415.58,575.12,27.20,16.24,10.96,27.772,900.25,3.905,55696.6,-520949.8,2116.40,784.22,19.03,55.11,2
SIM_k05_h2000,0.5,2000,45000,1234666.44,98.55,31024.1,1264.93,1422.62,575.63,27.07,16.06,11.01,27.690,900.25,3.848,55996.4,-519723.8,2124.52,785.23,19.18,55.18,2
SIM_k05_h2000,0.5,2000,45000,1234666.69,98.80,31168.1,1271.84,1429.69,576.13,26.94,15.88,11.06,27.608,900.25,3.791,56297.9,-518480.2,2132.66,786.23,19.33,55.26,2
SIM_k05_h2000,0.5,2000,45000,1234666.94,99.05,31312.2,1278.78,1436.78,576.62,26.80,15.69,11.11,27.526,900.25,3.736,56601.0,-517218.7,2140.83,787.23,19.49,55.33,2
SIM_k05_h2000,0.5,2000,45000,1234667.19,99.30,31456.4,1285.75,1443.91,577.10,26.67,15.51,11.16,27.444,900.25,3.680,56905.8,-515939.0,2149.02,788.23,19.64,55.40,2
SIM_k05_h2000,0.5,2000,45000,1234667.44,99.55,31600.7,1292.75,1451.05,577.56,26.54,15.33,11.21,27.362,900.25,3.626,57212.4,-514640.9,2157.24,789.22,19.80,55.47,2
SIM_k05_h2000,0.5,2000,45000,1234667.69,99.80,31745.2,1299.78,1458.23,578.02,26.40,15.15,11.26,27.280,900.25,3.572,57520.7,-513324.0,2165.48,790.21,19.95,55.54,2
SIM_k05_h2000,0.5,2000,45000,1234667.94,100.05,31889.8,1306.83,1465.43,578.47,26.27,14.96,11.31,27.198,900.25,3.519,57830.9,-511988.0,2173.74,791.19,20.11,55.61,2
SIM_k05_h2000,0.5,2000,45000,1234668.19,100.30,32034.5,1313.91,1472.66,578.91,26.14,14.78,11.36,27.116,900.25,3.466,58142.9,-510632.7,2182.03,792.16,20.28,55.68,2
SIM_k05_h2000,0.5,2000,45000,1234668.44,100.55,32179.2,1321.03,1479.92,579.33,26.01,14.60,11.41,27.034,900.25,3.415,58456.9,-509257.8,2190.35,793.13,20.44,55.75,2
SIM_k05_h2000,0.5,2000,45000,1234668.69,100.80,32324.1,1328.17,1487.21,579.75,25.88,14.42,11.46,26.952,900.25,3.364,58772.8,-507862.9,2198.69,794.10,20.61,55.81,2
SIM_k05_h2000,0.5,2000,45000,1234668.94,101.05,32469.1,1335.34,1494.53,580.16,25.75,14.24,11.51,26.870,900.25,3.313,59090.8,-506447.7,2207.05,795.06,20.77,55.88,2
SIM_k05_h2000,0.5,2000,45000,1234669.19,101.30,32614.2,1342.54,1501.87,580.55,25.62,14.06,11.56,26.788,900.25,3.263,59410.8,-505011.9,2215.45,796.02,20.94,55.95,2
SIM_k05_h2000,0.5,2000,45000,1234669.44,101.55,32759.4,1349.77,1509.24,580.94,25.49,13.88,11.61,26.706,900.25,3.214,59733.0,-503555.1,2223.86,796.97,21.11,56.01,2
SIM_k05_h2000,0.5,2000,45000,1234669.69,101.80,32904.7,1357.03,1516.64,581.31,25.36,13.70,11.66,26.624,900.25,3.165,60057.3,-502077.1,2232.31,797.91,21.29,56.08,2
SIM_k05_h2000,0.5,2000,45000,1234669.94,102.05,33050.1,1364.32,1524.07,581.68,25.24,13.52,11.71,26.542,900.25,3.118,60383.9,-500577.5,2240.77,798.85,21.46,56.14,2
SIM_k05_h2000,0.5,2000,45000,1234670.19,102.30,33195.6,1371.63,1531.53,582.03,25.11,13.34,11.77,26.460,900.25,3.070,60712.8,-499056.0,2249.27,799.79,21.64,56.20,2
SIM_k05_h2000,0.5,2000,45000,1234670.44,102.55,33341.1,1378.98,1539.02,582.37,24.98,13.16,11.82,26.378,900.25,3.024,61044.1,-497512.1,2257.79,800.72,21.82,56.26,2
SIM_k05_h2000,0.5,2000,45000,1234670.69,102.80,33486.8,1386.36,1546.53,582.70,24.85,12.99,11.87,26.296,900.25,2.978,61377.8,-495945.5,2266.34,801.65,22.00,56.33,2
SIM_k05_h2000,0.5,2000,45000,1234670.94,103.05,33632.5,1393.77,1554.07,583.02,24.73,12.81,11.92,26.214,900.25,2.932,61714.0,-494355.8,2274.91,802.57,22.19,56.39,2
SIM_k05_h2000,0.5,2000,45000,1234671.19,103.30,33778.3,1401.21,1561.65,583.33,24.60,12.63,11.97,26.132,900.25,2.887,62052.7,-492742.7,2283.52,803.49,22.38,56.45,2
SIM_k05_h2000,0.5,2000,45000,1234671.44,103.55,33924.2,1408.67,1569.25,583.63,24.48,12.45,12.02,26.050,900.25,2.843,62394.1,-491105.8,2292.14,804.40,22.56,56.51,2
SIM_k05_h2000,0.5,2000,45000,1234671.69,103.80,34070.1,1416.17,1576.88,583.92,24.35,12.28,12.08,25.968,900.25,2.800,62738.3,-489444.6,2300.80,805.31,22.75,56.57,2
SIM_k05_h2000,0.5,2000,45000,1234671.94,104.05,34216.2,1423.70,1584.55,584.20,24.23,12.10,12.13,25.886,900.25,2.757,63085.2,-487758.9,2309.48,806.21,22.95,56.62,2
SIM_k05_h2000,0.5,2000,45000,1234672.19,104.30,34362.2,1431.26,1592.24,584.47,24.10,11.92,12.18,25.805,900.25,2.714,63435.0,-486048.0,2318.19,807.11,23.14,56.68,2
SIM_k05_h2000,0.5,2000,45000,1234672.44,104.55,34508.4,1438.85,1599.96,584.72,23.98,11.75,12.23,25.723,900.25,2.673,63787.8,-484311.7,2326.93,808.00,23.34,56.74,2
SIM_k05_h2000,0.5,2000,45000,1234672.69,104.80,34654.6,1446.47,1607.71,584.97,23.85,11.57,12.28,25.641,900.25,2.631,64143.6,-482549.5,2335.70,808.89,23.54,56.79,2
SIM_k05_h2000,0.5,2000,45000,1234672.94,105.05,34800.9,1454.13,1615.49,585.20,23.73,11.39,12.34,25.559,900.25,2.591,64502.6,-480761.0,2344.49,809.77,23.74,56.85,2
SIM_k05_h2000,0.5,2000,45000,1234673.19,105.30,34947.2,1461.81,1623.30,585.43,23.61,11.22,12.39,25.477,900.25,2.551,64864.8,-478945.7,2353.32,810.65,23.95,56.91,2
SIM_k05_h2000,0.5,2000,45000,1234673.44,105.55,35093.6,1469.53,1631.15,585.64,23.49,11.04,12.44,25.395,900.25,2.511,65230.3,-477103.1,2362.17,811.53,24.16,56.96,2
SIM_k05_h2000,0.5,2000,45000,1234673.69,105.80,35240.1,1477.27,1639.02,585.84,23.36,10.87,12.49,25.313,900.25,2.472,65599.4,-475232.8,2371.05,812.40,24.36,57.01,2
SIM_k05_h2000,0.5,2000,45000,1234673.94,106.05,35386.6,1485.05,1646.92,586.03,23.24,10.70,12.55,25.231,900.25,2.434,65971.9,-473334.3,2379.96,813.26,24.58,57.07,2
SIM_k05_h2000,0.5,2000,45000,1234674.19,106.30,35533.1,1492.86,1654.86,586.21,23.12,10.52,12.60,25.149,900.25,2.396,66348.2,-471407.1,2388.89,814.12,24.79,57.12,2
SIM_k05_h2000,0.5,2000,45000,1234674.44,106.55,35679.7,1500.70,1662.82,586.38,23.00,10.35,12.65,25.067,900.25,2.359,66728.2,-469450.7,2397.86,814.98,25.01,57.17,2
SIM_k05_h2000,0.5,2000,45000,1234674.69,106.80,35826.3,1508.58,1670.82,586.54,22.88,10.18,12.70,24.985,900.25,2.322,67112.2,-467464.6,2406.86,815.83,25.23,57.22,2
SIM_k05_h2000,0.5,2000,45000,1234674.94,107.05,35972.9,1516.48,1678.85,586.68,22.76,10.00,12.76,24.903,900.25,2.286,67500.1,-465448.3,2415.88,816.67,25.45,57.28,2
SIM_k05_h2000,0.5,2000,45000,1234675.19,107.30,36119.6,1524.42,1686.91,586.82,22.64,9.83,12.81,24.821,900.25,2.250,67892.3,-463401.2,2424.94,817.52,25.67,57.33,2
SIM_k05_h2000,0.5,2000,45000,1234675.44,107.55,36266.4,1532.39,1695.00,586.94,22.52,9.66,12.86,24.739,900.25,2.215,68288.8,-461322.9,2434.02,818.35,25.90,57.38,2
SIM_k05_h2000,0.5,2000,45000,1234675.69,107.80,36413.1,1540.40,1703.12,587.06,22.40,9.49,12.92,24.657,900.25,2.180,68689.8,-459212.7,2443.14,819.18,26.13,57.43,2
SIM_k05_h2000,0.5,2000,45000,1234675.94,108.05,36559.9,1548.43,1711.27,587.16,22.28,9.31,12.97,24.575,900.25,2.146,69095.3,-457070.0,2452.28,820.01,26.36,57.48,2
SIM_k05_h2000,0.5,2000,45000,1234676.19,108.30,36706.7,1556.50,1719.46,587.25,22.17,9.14,13.02,24.493,900.25,2.112,69505.7,-454894.4,2461.46,820.84,26.60,57.52,2
SIM_k05_h2000,0.5,2000,45000,1234676.44,108.55,36853.5,1564.60,1727.68,587.33,22.05,8.97,13.08,24.411,900.25,2.079,69921.0,-452685.1,2470.67,821.66,26.84,57.57,2
SIM_k05_h2000,0.5,2000,45000,1234676.69,108.80,37000.4,1572.74,1735.93,587.40,21.93,8.80,13.13,24.329,900.25,2.046,70341.4,-450441.6,2479.91,822.47,27.08,57.62,2
SIM_k05_h2000,0.5,2000,45000,1234676.94,109.05,37147.2,1580.91,1744.21,587.45,21.81,8.63,13.18,24.247,900.25,2.014,70767.2,-448163.3,2489.18,823.28,27.32,57.67,2
SIM_k05_h2000,0.5,2000,45000,1234677.19,109.30,37294.1,1589.11,1752.53,587.50,21.70,8.46,13.24,24.165,900.25,1.982,71198.4,-445849.5,2498.48,824.09,27.57,57.71,2
SIM_k05_h2000,0.5,2000,45000,1234677.44,109.55,37441.0,1597.35,1760.88,587.53,21.58,8.29,13.29,24.083,900.25,1.951,71635.3,-443499.6,2507.81,824.89,27.82,57.76,2
SIM_k05_h2000,0.5,2000,45000,1234677.69,109.80,37587.9,1605.62,1769.26,587.56,21.47,8.12,13.34,24.001,900.25,1.920,72078.2,-441113.0,2517.17,825.68,28.07,57.80,2
SIM_k05_h2000,0.5,2000,45000,1234677.94,110.05,37734.8,1613.92,1777.68,587.57,21.35,7.95,13.40,23.919,900.25,1.890,72527.1,-438688.9,2526.57,826.47,28.32,57.85,2
SIM_k05_h2000,0.5,2000,45000,1234678.19,110.30,37881.6,1622.26,1786.13,587.57,21.23,7.79,13.45,23.837,900.25,1.860,72982.5,-436226.6,2536.00,827.26,28.58,57.89,2
SIM_k05_h2000,0.5,2000,45000,1234678.44,110.55,38028.5,1630.63,1794.61,587.56,21.12,7.62,13.50,23.755,900.25,1.831,73444.4,-433725.5,2545.46,828.05,28.84,57.94,2
SIM_k05_h2000,0.5,2000,45000,1234678.69,110.80,38175.4,1639.04,1803.12,587.53,21.01,7.45,13.56,23.673,900.25,1.802,73913.2,-431184.8,2554.95,828.82,29.11,57.98,2
SIM_k05_h2000,0.5,2000,45000,1234678.94,111.05,38322.3,1647.48,1811.67,587.50,20.89,7.28,13.61,23.591,900.25,1.773,74389.1,-428603.8,2564.48,829.60,29.37,58.03,2
SIM_k05_h2000,0.5,2000,45000,1234679.19,111.30,38469.2,1655.96,1820.26,587.46,20.78,7.12,13.66,23.510,900.25,1.745,74872.4,-425981.7,2574.04,830.37,29.64,58.07,2
